Designator,Mid X,Mid Y,Layer,Rotation
U1,10.0,10.0,Top,0
U2,12.0,10.0,Top,0
U3,14.0,10.0,Top,0
U4,16.0,10.0,Top,0
OPT1_1,18.0,10.0,Top,0
OPT1_2,20.0,10.0,Top,0
OPT2,22.0,10.0,Top,0
OPT3,24.0,10.0,Top,0
U5,26.0,10.0,Top,0
U6,28.0,10.0,Top,0
U7,30.0,10.0,Top,0
U8,32.0,10.0,Top,0
U9,34.0,10.0,Top,0
U10,36.0,10.0,Top,0
C1,38.0,10.0,Top,0
C2,40.0,10.0,Top,0
C3,42.0,10.0,Top,0
C4,44.0,10.0,Top,0
C5,46.0,10.0,Top,0
C6,48.0,10.0,Top,0
C7,50.0,10.0,Top,0
C8,52.0,10.0,Top,0
C9,54.0,10.0,Top,0
C10,56.0,10.0,Top,0
C11,58.0,10.0,Top,0
C12,60.0,10.0,Top,0
C13,62.0,10.0,Top,0
C14,64.0,10.0,Top,0
C15,66.0,10.0,Top,0
C16,68.0,10.0,Top,0
C17,70.0,10.0,Top,0
C18,72.0,10.0,Top,0
C19,74.0,10.0,Top,0
C20,76.0,10.0,Top,0
C21,78.0,10.0,Top,0
C22,80.0,10.0,Top,0
C23,82.0,10.0,Top,0
C24,84.0,10.0,Top,0
C25,86.0,10.0,Top,0
C26,88.0,10.0,Top,0
C27,90.0,10.0,Top,0
C28,92.0,10.0,Top,0
C29,94.0,10.0,Top,0
C30,96.0,10.0,Top,0
C31,98.0,10.0,Top,0
C32,100.0,10.0,Top,0
C33,102.0,10.0,Top,0
C34,104.0,10.0,Top,0
C35,106.0,10.0,Top,0
C36,108.0,10.0,Top,0
C37,10.0,12.0,Top,0
C38,12.0,12.0,Top,0
C39,14.0,12.0,Top,0
C40,16.0,12.0,Top,0
R1,18.0,12.0,Top,0
R2,20.0,12.0,Top,0
R3,22.0,12.0,Top,0
R4,24.0,12.0,Top,0
R5,26.0,12.0,Top,0
R6,28.0,12.0,Top,0
R7,30.0,12.0,Top,0
R8,32.0,12.0,Top,0
R9,34.0,12.0,Top,0
R10,36.0,12.0,Top,0
L1,38.0,12.0,Top,0
L2,40.0,12.0,Top,0
L3,42.0,12.0,Top,0
L4,44.0,12.0,Top,0
J1,46.0,12.0,Top,0
J2,48.0,12.0,Top,0
J3,50.0,12.0,Top,0
J4,52.0,12.0,Top,0
J5,54.0,12.0,Top,0
J6,56.0,12.0,Top,0
J7,58.0,12.0,Top,0
C41,60.0,12.0,Top,0
C42,62.0,12.0,Top,0
C43,64.0,12.0,Top,0
C44,66.0,12.0,Top,0
C45,68.0,12.0,Top,0
C46,70.0,12.0,Top,0
C47,72.0,12.0,Top,0
C48,74.0,12.0,Top,0
C49,76.0,12.0,Top,0
C50,78.0,12.0,Top,0
C51,80.0,12.0,Top,0
C52,82.0,12.0,Top,0
C53,84.0,12.0,Top,0
C54,86.0,12.0,Top,0
C55,88.0,12.0,Top,0
C56,90.0,12.0,Top,0
C57,92.0,12.0,Top,0
C58,94.0,12.0,Top,0
C59,96.0,12.0,Top,0
C60,98.0,12.0,Top,0
C61,100.0,12.0,Top,0
C62,102.0,12.0,Top,0
C63,104.0,12.0,Top,0
C64,106.0,12.0,Top,0
C65,108.0,12.0,Top,0
C66,10.0,14.0,Top,0
C67,12.0,14.0,Top,0
C68,14.0,14.0,Top,0
C69,16.0,14.0,Top,0
C70,18.0,14.0,Top,0
C71,20.0,14.0,Top,0
C72,22.0,14.0,Top,0
C73,24.0,14.0,Top,0
C74,26.0,14.0,Top,0
C75,28.0,14.0,Top,0
C76,30.0,14.0,Top,0
C77,32.0,14.0,Top,0
C78,34.0,14.0,Top,0
C79,36.0,14.0,Top,0
C80,38.0,14.0,Top,0
C81,40.0,14.0,Top,0
C82,42.0,14.0,Top,0
C83,44.0,14.0,Top,0
C84,46.0,14.0,Top,0
C85,48.0,14.0,Top,0
C86,50.0,14.0,Top,0
C87,52.0,14.0,Top,0
C88,54.0,14.0,Top,0
C89,56.0,14.0,Top,0
C90,58.0,14.0,Top,0
C91,60.0,14.0,Top,0
C92,62.0,14.0,Top,0
C93,64.0,14.0,Top,0
C94,66.0,14.0,Top,0
C95,68.0,14.0,Top,0
C96,70.0,14.0,Top,0
C97,72.0,14.0,Top,0
C98,74.0,14.0,Top,0
C99,76.0,14.0,Top,0
C100,78.0,14.0,Top,0
C101,80.0,14.0,Top,0
C102,82.0,14.0,Top,0
C103,84.0,14.0,Top,0
C104,86.0,14.0,Top,0
C105,88.0,14.0,Top,0
C106,90.0,14.0,Top,0
C107,92.0,14.0,Top,0
C108,94.0,14.0,Top,0
C109,96.0,14.0,Top,0
C110,98.0,14.0,Top,0
C111,100.0,14.0,Top,0
C112,102.0,14.0,Top,0
C113,104.0,14.0,Top,0
C114,106.0,14.0,Top,0
C115,108.0,14.0,Top,0
C116,10.0,16.0,Top,0
C117,12.0,16.0,Top,0
C118,14.0,16.0,Top,0
C119,16.0,16.0,Top,0
C120,18.0,16.0,Top,0
C121,20.0,16.0,Top,0
C122,22.0,16.0,Top,0
C123,24.0,16.0,Top,0
C124,26.0,16.0,Top,0
C125,28.0,16.0,Top,0
C126,30.0,16.0,Top,0
C127,32.0,16.0,Top,0
C128,34.0,16.0,Top,0
C129,36.0,16.0,Top,0
C130,38.0,16.0,Top,0
C131,40.0,16.0,Top,0
C132,42.0,16.0,Top,0
C133,44.0,16.0,Top,0
C134,46.0,16.0,Top,0
C135,48.0,16.0,Top,0
C136,50.0,16.0,Top,0
C137,52.0,16.0,Top,0
C138,54.0,16.0,Top,0
C139,56.0,16.0,Top,0
C140,58.0,16.0,Top,0
C141,60.0,16.0,Top,0
C142,62.0,16.0,Top,0
C143,64.0,16.0,Top,0
C144,66.0,16.0,Top,0
C145,68.0,16.0,Top,0
C146,70.0,16.0,Top,0
C147,72.0,16.0,Top,0
C148,74.0,16.0,Top,0
C149,76.0,16.0,Top,0
C150,78.0,16.0,Top,0
C151,80.0,16.0,Top,0
C152,82.0,16.0,Top,0
C153,84.0,16.0,Top,0
C154,86.0,16.0,Top,0
C155,88.0,16.0,Top,0
C156,90.0,16.0,Top,0
C157,92.0,16.0,Top,0
C158,94.0,16.0,Top,0
C159,96.0,16.0,Top,0
C160,98.0,16.0,Top,0
C161,100.0,16.0,Top,0
C162,102.0,16.0,Top,0
C163,104.0,16.0,Top,0
C164,106.0,16.0,Top,0
C165,108.0,16.0,Top,0
C166,10.0,18.0,Top,0
C167,12.0,18.0,Top,0
C168,14.0,18.0,Top,0
C169,16.0,18.0,Top,0
C170,18.0,18.0,Top,0
C171,20.0,18.0,Top,0
C172,22.0,18.0,Top,0
C173,24.0,18.0,Top,0
C174,26.0,18.0,Top,0
C175,28.0,18.0,Top,0
C176,30.0,18.0,Top,0
C177,32.0,18.0,Top,0
C178,34.0,18.0,Top,0
C179,36.0,18.0,Top,0
C180,38.0,18.0,Top,0
C181,40.0,18.0,Top,0
C182,42.0,18.0,Top,0
C183,44.0,18.0,Top,0
C184,46.0,18.0,Top,0
C185,48.0,18.0,Top,0
C186,50.0,18.0,Top,0
C187,52.0,18.0,Top,0
C188,54.0,18.0,Top,0
C189,56.0,18.0,Top,0
C190,58.0,18.0,Top,0
C191,60.0,18.0,Top,0
C192,62.0,18.0,Top,0
C193,64.0,18.0,Top,0
C194,66.0,18.0,Top,0
C195,68.0,18.0,Top,0
C196,70.0,18.0,Top,0
C197,72.0,18.0,Top,0
C198,74.0,18.0,Top,0
C199,76.0,18.0,Top,0
C200,78.0,18.0,Top,0
C201,80.0,18.0,Top,0
C202,82.0,18.0,Top,0
C203,84.0,18.0,Top,0
C204,86.0,18.0,Top,0
C205,88.0,18.0,Top,0
C206,90.0,18.0,Top,0
C207,92.0,18.0,Top,0
C208,94.0,18.0,Top,0
C209,96.0,18.0,Top,0
C210,98.0,18.0,Top,0
C211,100.0,18.0,Top,0
C212,102.0,18.0,Top,0
C213,104.0,18.0,Top,0
C214,106.0,18.0,Top,0
C215,108.0,18.0,Top,0
C216,10.0,20.0,Top,0
C217,12.0,20.0,Top,0
C218,14.0,20.0,Top,0
C219,16.0,20.0,Top,0
C220,18.0,20.0,Top,0
C221,20.0,20.0,Top,0
C222,22.0,20.0,Top,0
C223,24.0,20.0,Top,0
C224,26.0,20.0,Top,0
C225,28.0,20.0,Top,0
C226,30.0,20.0,Top,0
C227,32.0,20.0,Top,0
C228,34.0,20.0,Top,0
C229,36.0,20.0,Top,0
C230,38.0,20.0,Top,0
C231,40.0,20.0,Top,0
C232,42.0,20.0,Top,0
C233,44.0,20.0,Top,0
C234,46.0,20.0,Top,0
C235,48.0,20.0,Top,0
C236,50.0,20.0,Top,0
C237,52.0,20.0,Top,0
C238,54.0,20.0,Top,0
C239,56.0,20.0,Top,0
C240,58.0,20.0,Top,0
C241,60.0,20.0,Top,0
C242,62.0,20.0,Top,0
C243,64.0,20.0,Top,0
C244,66.0,20.0,Top,0
C245,68.0,20.0,Top,0
C246,70.0,20.0,Top,0
C247,72.0,20.0,Top,0
C248,74.0,20.0,Top,0
C249,76.0,20.0,Top,0
C250,78.0,20.0,Top,0
C251,80.0,20.0,Top,0
C252,82.0,20.0,Top,0
C253,84.0,20.0,Top,0
C254,86.0,20.0,Top,0
C255,88.0,20.0,Top,0
C256,90.0,20.0,Top,0
C257,92.0,20.0,Top,0
C258,94.0,20.0,Top,0
C259,96.0,20.0,Top,0
C260,98.0,20.0,Top,0
C261,100.0,20.0,Top,0
C262,102.0,20.0,Top,0
C263,104.0,20.0,Top,0
C264,106.0,20.0,Top,0
C265,108.0,20.0,Top,0
C266,10.0,22.0,Top,0
C267,12.0,22.0,Top,0
C268,14.0,22.0,Top,0
C269,16.0,22.0,Top,0
C270,18.0,22.0,Top,0
C271,20.0,22.0,Top,0
C272,22.0,22.0,Top,0
C273,24.0,22.0,Top,0
C274,26.0,22.0,Top,0
C275,28.0,22.0,Top,0
C276,30.0,22.0,Top,0
C277,32.0,22.0,Top,0
C278,34.0,22.0,Top,0
C279,36.0,22.0,Top,0
C280,38.0,22.0,Top,0
C281,40.0,22.0,Top,0
C282,42.0,22.0,Top,0
C283,44.0,22.0,Top,0
C284,46.0,22.0,Top,0
C285,48.0,22.0,Top,0
C286,50.0,22.0,Top,0
C287,52.0,22.0,Top,0
C288,54.0,22.0,Top,0
C289,56.0,22.0,Top,0
C290,58.0,22.0,Top,0
C291,60.0,22.0,Top,0
C292,62.0,22.0,Top,0
C293,64.0,22.0,Top,0
C294,66.0,22.0,Top,0
C295,68.0,22.0,Top,0
C296,70.0,22.0,Top,0
C297,72.0,22.0,Top,0
C298,74.0,22.0,Top,0
C299,76.0,22.0,Top,0
C300,78.0,22.0,Top,0
C301,80.0,22.0,Top,0
C302,82.0,22.0,Top,0
C303,84.0,22.0,Top,0
C304,86.0,22.0,Top,0
C305,88.0,22.0,Top,0
C306,90.0,22.0,Top,0
C307,92.0,22.0,Top,0
C308,94.0,22.0,Top,0
C309,96.0,22.0,Top,0
C310,98.0,22.0,Top,0
C311,100.0,22.0,Top,0
C312,102.0,22.0,Top,0
C313,104.0,22.0,Top,0
C314,106.0,22.0,Top,0
C315,108.0,22.0,Top,0
C316,10.0,24.0,Top,0
C317,12.0,24.0,Top,0
C318,14.0,24.0,Top,0
C319,16.0,24.0,Top,0
C320,18.0,24.0,Top,0
C321,20.0,24.0,Top,0
C322,22.0,24.0,Top,0
C323,24.0,24.0,Top,0
C324,26.0,24.0,Top,0
C325,28.0,24.0,Top,0
C326,30.0,24.0,Top,0
C327,32.0,24.0,Top,0
C328,34.0,24.0,Top,0
C329,36.0,24.0,Top,0
C330,38.0,24.0,Top,0
C331,40.0,24.0,Top,0
C332,42.0,24.0,Top,0
C333,44.0,24.0,Top,0
C334,46.0,24.0,Top,0
C335,48.0,24.0,Top,0
C336,50.0,24.0,Top,0
C337,52.0,24.0,Top,0
C338,54.0,24.0,Top,0
C339,56.0,24.0,Top,0
C340,58.0,24.0,Top,0
C341,60.0,24.0,Top,0
C342,62.0,24.0,Top,0
C343,64.0,24.0,Top,0
C344,66.0,24.0,Top,0
C345,68.0,24.0,Top,0
C346,70.0,24.0,Top,0
C347,72.0,24.0,Top,0
C348,74.0,24.0,Top,0
C349,76.0,24.0,Top,0
C350,78.0,24.0,Top,0
C351,80.0,24.0,Top,0
C352,82.0,24.0,Top,0
C353,84.0,24.0,Top,0
C354,86.0,24.0,Top,0
C355,88.0,24.0,Top,0
C356,90.0,24.0,Top,0
C357,92.0,24.0,Top,0
C358,94.0,24.0,Top,0
C359,96.0,24.0,Top,0
C360,98.0,24.0,Top,0
C361,100.0,24.0,Top,0
C362,102.0,24.0,Top,0
C363,104.0,24.0,Top,0
C364,106.0,24.0,Top,0
C365,108.0,24.0,Top,0
C366,10.0,26.0,Top,0
C367,12.0,26.0,Top,0
C368,14.0,26.0,Top,0
C369,16.0,26.0,Top,0
C370,18.0,26.0,Top,0
C371,20.0,26.0,Top,0
C372,22.0,26.0,Top,0
C373,24.0,26.0,Top,0
C374,26.0,26.0,Top,0
C375,28.0,26.0,Top,0
C376,30.0,26.0,Top,0
C377,32.0,26.0,Top,0
C378,34.0,26.0,Top,0
C379,36.0,26.0,Top,0
C380,38.0,26.0,Top,0
C381,40.0,26.0,Top,0
C382,42.0,26.0,Top,0
C383,44.0,26.0,Top,0
C384,46.0,26.0,Top,0
C385,48.0,26.0,Top,0
C386,50.0,26.0,Top,0
C387,52.0,26.0,Top,0
C388,54.0,26.0,Top,0
C389,56.0,26.0,Top,0
C390,58.0,26.0,Top,0
C391,60.0,26.0,Top,0
C392,62.0,26.0,Top,0
C393,64.0,26.0,Top,0
C394,66.0,26.0,Top,0
C395,68.0,26.0,Top,0
C396,70.0,26.0,Top,0
C397,72.0,26.0,Top,0
C398,74.0,26.0,Top,0
C399,76.0,26.0,Top,0
C400,78.0,26.0,Top,0
C401,80.0,26.0,Top,0
C402,82.0,26.0,Top,0
C403,84.0,26.0,Top,0
C404,86.0,26.0,Top,0
C405,88.0,26.0,Top,0
C406,90.0,26.0,Top,0
C407,92.0,26.0,Top,0
C408,94.0,26.0,Top,0
C409,96.0,26.0,Top,0
C410,98.0,26.0,Top,0
C411,100.0,26.0,Top,0
C412,102.0,26.0,Top,0
C413,104.0,26.0,Top,0
C414,106.0,26.0,Top,0
C415,108.0,26.0,Top,0
C416,10.0,28.0,Top,0
C417,12.0,28.0,Top,0
C418,14.0,28.0,Top,0
C419,16.0,28.0,Top,0
C420,18.0,28.0,Top,0
C421,20.0,28.0,Top,0
C422,22.0,28.0,Top,0
C423,24.0,28.0,Top,0
C424,26.0,28.0,Top,0
C425,28.0,28.0,Top,0
C426,30.0,28.0,Top,0
C427,32.0,28.0,Top,0
C428,34.0,28.0,Top,0
C429,36.0,28.0,Top,0
C430,38.0,28.0,Top,0
C431,40.0,28.0,Top,0
C432,42.0,28.0,Top,0
C433,44.0,28.0,Top,0
C434,46.0,28.0,Top,0
C435,48.0,28.0,Top,0
C436,50.0,28.0,Top,0
C437,52.0,28.0,Top,0
C438,54.0,28.0,Top,0
C439,56.0,28.0,Top,0
C440,58.0,28.0,Top,0
C441,60.0,28.0,Top,0
C442,62.0,28.0,Top,0
C443,64.0,28.0,Top,0
C444,66.0,28.0,Top,0
C445,68.0,28.0,Top,0
C446,70.0,28.0,Top,0
C447,72.0,28.0,Top,0
C448,74.0,28.0,Top,0
C449,76.0,28.0,Top,0
C450,78.0,28.0,Top,0
C451,80.0,28.0,Top,0
C452,82.0,28.0,Top,0
C453,84.0,28.0,Top,0
C454,86.0,28.0,Top,0
C455,88.0,28.0,Top,0
C456,90.0,28.0,Top,0
C457,92.0,28.0,Top,0
C458,94.0,28.0,Top,0
C459,96.0,28.0,Top,0
C460,98.0,28.0,Top,0
C461,100.0,28.0,Top,0
C462,102.0,28.0,Top,0
C463,104.0,28.0,Top,0
C464,106.0,28.0,Top,0
C465,108.0,28.0,Top,0
C466,10.0,30.0,Top,0
C467,12.0,30.0,Top,0
C468,14.0,30.0,Top,0
C469,16.0,30.0,Top,0
C470,18.0,30.0,Top,0
C471,20.0,30.0,Top,0
C472,22.0,30.0,Top,0
C473,24.0,30.0,Top,0
C474,26.0,30.0,Top,0
C475,28.0,30.0,Top,0
C476,30.0,30.0,Top,0
C477,32.0,30.0,Top,0
C478,34.0,30.0,Top,0
C479,36.0,30.0,Top,0
C480,38.0,30.0,Top,0
C481,40.0,30.0,Top,0
C482,42.0,30.0,Top,0
C483,44.0,30.0,Top,0
C484,46.0,30.0,Top,0
C485,48.0,30.0,Top,0
C486,50.0,30.0,Top,0
C487,52.0,30.0,Top,0
C488,54.0,30.0,Top,0
C489,56.0,30.0,Top,0
C490,58.0,30.0,Top,0
C491,60.0,30.0,Top,0
C492,62.0,30.0,Top,0
C493,64.0,30.0,Top,0
C494,66.0,30.0,Top,0
C495,68.0,30.0,Top,0
C496,70.0,30.0,Top,0
C497,72.0,30.0,Top,0
C498,74.0,30.0,Top,0
C499,76.0,30.0,Top,0
C500,78.0,30.0,Top,0
C501,80.0,30.0,Top,0
C502,82.0,30.0,Top,0
C503,84.0,30.0,Top,0
C504,86.0,30.0,Top,0
C505,88.0,30.0,Top,0
C506,90.0,30.0,Top,0
C507,92.0,30.0,Top,0
C508,94.0,30.0,Top,0
C509,96.0,30.0,Top,0
C510,98.0,30.0,Top,0
C511,100.0,30.0,Top,0
C512,102.0,30.0,Top,0
C513,104.0,30.0,Top,0
C514,106.0,30.0,Top,0
C515,108.0,30.0,Top,0
C516,10.0,32.0,Top,0
C517,12.0,32.0,Top,0
C518,14.0,32.0,Top,0
C519,16.0,32.0,Top,0
C520,18.0,32.0,Top,0
C521,20.0,32.0,Top,0
C522,22.0,32.0,Top,0
C523,24.0,32.0,Top,0
C524,26.0,32.0,Top,0
C525,28.0,32.0,Top,0
C526,30.0,32.0,Top,0
C527,32.0,32.0,Top,0
C528,34.0,32.0,Top,0
C529,36.0,32.0,Top,0
C530,38.0,32.0,Top,0
C531,40.0,32.0,Top,0
C532,42.0,32.0,Top,0
C533,44.0,32.0,Top,0
C534,46.0,32.0,Top,0
C535,48.0,32.0,Top,0
C536,50.0,32.0,Top,0
C537,52.0,32.0,Top,0
C538,54.0,32.0,Top,0
C539,56.0,32.0,Top,0
C540,58.0,32.0,Top,0
C541,60.0,32.0,Top,0
C542,62.0,32.0,Top,0
C543,64.0,32.0,Top,0
C544,66.0,32.0,Top,0
C545,68.0,32.0,Top,0
C546,70.0,32.0,Top,0
C547,72.0,32.0,Top,0
C548,74.0,32.0,Top,0
C549,76.0,32.0,Top,0
C550,78.0,32.0,Top,0
C551,80.0,32.0,Top,0
C552,82.0,32.0,Top,0
C553,84.0,32.0,Top,0
C554,86.0,32.0,Top,0
C555,88.0,32.0,Top,0
C556,90.0,32.0,Top,0
C557,92.0,32.0,Top,0
C558,94.0,32.0,Top,0
C559,96.0,32.0,Top,0
C560,98.0,32.0,Top,0
C561,100.0,32.0,Top,0
C562,102.0,32.0,Top,0
C563,104.0,32.0,Top,0
C564,106.0,32.0,Top,0
C565,108.0,32.0,Top,0
C566,10.0,34.0,Top,0
C567,12.0,34.0,Top,0
C568,14.0,34.0,Top,0
C569,16.0,34.0,Top,0
C570,18.0,34.0,Top,0
C571,20.0,34.0,Top,0
C572,22.0,34.0,Top,0
C573,24.0,34.0,Top,0
C574,26.0,34.0,Top,0
C575,28.0,34.0,Top,0
C576,30.0,34.0,Top,0
C577,32.0,34.0,Top,0
C578,34.0,34.0,Top,0
C579,36.0,34.0,Top,0
C580,38.0,34.0,Top,0
C581,40.0,34.0,Top,0
C582,42.0,34.0,Top,0
C583,44.0,34.0,Top,0
C584,46.0,34.0,Top,0
C585,48.0,34.0,Top,0
C586,50.0,34.0,Top,0
C587,52.0,34.0,Top,0
C588,54.0,34.0,Top,0
C589,56.0,34.0,Top,0
C590,58.0,34.0,Top,0
C591,60.0,34.0,Top,0
C592,62.0,34.0,Top,0
C593,64.0,34.0,Top,0
C594,66.0,34.0,Top,0
C595,68.0,34.0,Top,0
C596,70.0,34.0,Top,0
C597,72.0,34.0,Top,0
C598,74.0,34.0,Top,0
C599,76.0,34.0,Top,0
C600,78.0,34.0,Top,0
C601,80.0,34.0,Top,0
C602,82.0,34.0,Top,0
C603,84.0,34.0,Top,0
C604,86.0,34.0,Top,0
C605,88.0,34.0,Top,0
C606,90.0,34.0,Top,0
C607,92.0,34.0,Top,0
C608,94.0,34.0,Top,0
C609,96.0,34.0,Top,0
C610,98.0,34.0,Top,0
C611,100.0,34.0,Top,0
C612,102.0,34.0,Top,0
C613,104.0,34.0,Top,0
C614,106.0,34.0,Top,0
C615,108.0,34.0,Top,0
C616,10.0,36.0,Top,0
C617,12.0,36.0,Top,0
C618,14.0,36.0,Top,0
C619,16.0,36.0,Top,0
C620,18.0,36.0,Top,0
C621,20.0,36.0,Top,0
C622,22.0,36.0,Top,0
C623,24.0,36.0,Top,0
C624,26.0,36.0,Top,0
C625,28.0,36.0,Top,0
C626,30.0,36.0,Top,0
C627,32.0,36.0,Top,0
C628,34.0,36.0,Top,0
C629,36.0,36.0,Top,0
C630,38.0,36.0,Top,0
C631,40.0,36.0,Top,0
C632,42.0,36.0,Top,0
C633,44.0,36.0,Top,0
C634,46.0,36.0,Top,0
C635,48.0,36.0,Top,0
C636,50.0,36.0,Top,0
C637,52.0,36.0,Top,0
C638,54.0,36.0,Top,0
C639,56.0,36.0,Top,0
C640,58.0,36.0,Top,0
C641,60.0,36.0,Top,0
C642,62.0,36.0,Top,0
C643,64.0,36.0,Top,0
C644,66.0,36.0,Top,0
C645,68.0,36.0,Top,0
C646,70.0,36.0,Top,0
C647,72.0,36.0,Top,0
C648,74.0,36.0,Top,0
C649,76.0,36.0,Top,0
C650,78.0,36.0,Top,0
C651,80.0,36.0,Top,0
C652,82.0,36.0,Top,0
C653,84.0,36.0,Top,0
C654,86.0,36.0,Top,0
C655,88.0,36.0,Top,0
C656,90.0,36.0,Top,0
C657,92.0,36.0,Top,0
C658,94.0,36.0,Top,0
C659,96.0,36.0,Top,0
C660,98.0,36.0,Top,0
C661,100.0,36.0,Top,0
C662,102.0,36.0,Top,0
C663,104.0,36.0,Top,0
C664,106.0,36.0,Top,0
C665,108.0,36.0,Top,0
C666,10.0,38.0,Top,0
C667,12.0,38.0,Top,0
C668,14.0,38.0,Top,0
C669,16.0,38.0,Top,0
C670,18.0,38.0,Top,0
C671,20.0,38.0,Top,0
C672,22.0,38.0,Top,0
C673,24.0,38.0,Top,0
C674,26.0,38.0,Top,0
C675,28.0,38.0,Top,0
C676,30.0,38.0,Top,0
C677,32.0,38.0,Top,0
C678,34.0,38.0,Top,0
C679,36.0,38.0,Top,0
C680,38.0,38.0,Top,0
C681,40.0,38.0,Top,0
C682,42.0,38.0,Top,0
C683,44.0,38.0,Top,0
C684,46.0,38.0,Top,0
C685,48.0,38.0,Top,0
C686,50.0,38.0,Top,0
C687,52.0,38.0,Top,0
C688,54.0,38.0,Top,0
C689,56.0,38.0,Top,0
C690,58.0,38.0,Top,0
C691,60.0,38.0,Top,0
C692,62.0,38.0,Top,0
C693,64.0,38.0,Top,0
C694,66.0,38.0,Top,0
C695,68.0,38.0,Top,0
C696,70.0,38.0,Top,0
C697,72.0,38.0,Top,0
C698,74.0,38.0,Top,0
C699,76.0,38.0,Top,0
C700,78.0,38.0,Top,0
C701,80.0,38.0,Top,0
C702,82.0,38.0,Top,0
C703,84.0,38.0,Top,0
C704,86.0,38.0,Top,0
C705,88.0,38.0,Top,0
C706,90.0,38.0,Top,0
C707,92.0,38.0,Top,0
C708,94.0,38.0,Top,0
C709,96.0,38.0,Top,0
C710,98.0,38.0,Top,0
C711,100.0,38.0,Top,0
C712,102.0,38.0,Top,0
C713,104.0,38.0,Top,0
C714,106.0,38.0,Top,0
C715,108.0,38.0,Top,0
C716,10.0,40.0,Top,0
C717,12.0,40.0,Top,0
C718,14.0,40.0,Top,0
C719,16.0,40.0,Top,0
C720,18.0,40.0,Top,0
C721,20.0,40.0,Top,0
C722,22.0,40.0,Top,0
C723,24.0,40.0,Top,0
C724,26.0,40.0,Top,0
C725,28.0,40.0,Top,0
C726,30.0,40.0,Top,0
C727,32.0,40.0,Top,0
C728,34.0,40.0,Top,0
C729,36.0,40.0,Top,0
C730,38.0,40.0,Top,0
C731,40.0,40.0,Top,0
C732,42.0,40.0,Top,0
C733,44.0,40.0,Top,0
C734,46.0,40.0,Top,0
C735,48.0,40.0,Top,0
C736,50.0,40.0,Top,0
C737,52.0,40.0,Top,0
C738,54.0,40.0,Top,0
C739,56.0,40.0,Top,0
C740,58.0,40.0,Top,0
C741,60.0,40.0,Top,0
C742,62.0,40.0,Top,0
C743,64.0,40.0,Top,0
C744,66.0,40.0,Top,0
C745,68.0,40.0,Top,0
C746,70.0,40.0,Top,0
C747,72.0,40.0,Top,0
C748,74.0,40.0,Top,0
C749,76.0,40.0,Top,0
C750,78.0,40.0,Top,0
C751,80.0,40.0,Top,0
C752,82.0,40.0,Top,0
C753,84.0,40.0,Top,0
C754,86.0,40.0,Top,0
C755,88.0,40.0,Top,0
C756,90.0,40.0,Top,0
C757,92.0,40.0,Top,0
C758,94.0,40.0,Top,0
C759,96.0,40.0,Top,0
C760,98.0,40.0,Top,0
C761,100.0,40.0,Top,0
C762,102.0,40.0,Top,0
C763,104.0,40.0,Top,0
C764,106.0,40.0,Top,0
C765,108.0,40.0,Top,0
C766,10.0,42.0,Top,0
C767,12.0,42.0,Top,0
C768,14.0,42.0,Top,0
C769,16.0,42.0,Top,0
C770,18.0,42.0,Top,0
C771,20.0,42.0,Top,0
C772,22.0,42.0,Top,0
C773,24.0,42.0,Top,0
C774,26.0,42.0,Top,0
C775,28.0,42.0,Top,0
C776,30.0,42.0,Top,0
C777,32.0,42.0,Top,0
C778,34.0,42.0,Top,0
C779,36.0,42.0,Top,0
C780,38.0,42.0,Top,0
C781,40.0,42.0,Top,0
C782,42.0,42.0,Top,0
C783,44.0,42.0,Top,0
C784,46.0,42.0,Top,0
C785,48.0,42.0,Top,0
C786,50.0,42.0,Top,0
C787,52.0,42.0,Top,0
C788,54.0,42.0,Top,0
C789,56.0,42.0,Top,0
C790,58.0,42.0,Top,0
C791,60.0,42.0,Top,0
C792,62.0,42.0,Top,0
C793,64.0,42.0,Top,0
C794,66.0,42.0,Top,0
C795,68.0,42.0,Top,0
C796,70.0,42.0,Top,0
C797,72.0,42.0,Top,0
C798,74.0,42.0,Top,0
C799,76.0,42.0,Top,0
C800,78.0,42.0,Top,0
C801,80.0,42.0,Top,0
C802,82.0,42.0,Top,0
C803,84.0,42.0,Top,0
C804,86.0,42.0,Top,0
C805,88.0,42.0,Top,0
C806,90.0,42.0,Top,0
C807,92.0,42.0,Top,0
C808,94.0,42.0,Top,0
C809,96.0,42.0,Top,0
C810,98.0,42.0,Top,0
C811,100.0,42.0,Top,0
C812,102.0,42.0,Top,0
C813,104.0,42.0,Top,0
C814,106.0,42.0,Top,0
C815,108.0,42.0,Top,0
C816,10.0,44.0,Top,0
C817,12.0,44.0,Top,0
C818,14.0,44.0,Top,0
C819,16.0,44.0,Top,0
C820,18.0,44.0,Top,0
C821,20.0,44.0,Top,0
C822,22.0,44.0,Top,0
C823,24.0,44.0,Top,0
C824,26.0,44.0,Top,0
C825,28.0,44.0,Top,0
C826,30.0,44.0,Top,0
C827,32.0,44.0,Top,0
C828,34.0,44.0,Top,0
C829,36.0,44.0,Top,0
C830,38.0,44.0,Top,0
C831,40.0,44.0,Top,0
C832,42.0,44.0,Top,0
C833,44.0,44.0,Top,0
C834,46.0,44.0,Top,0
C835,48.0,44.0,Top,0
C836,50.0,44.0,Top,0
C837,52.0,44.0,Top,0
C838,54.0,44.0,Top,0
C839,56.0,44.0,Top,0
C840,58.0,44.0,Top,0
C841,60.0,44.0,Top,0
C842,62.0,44.0,Top,0
C843,64.0,44.0,Top,0
C844,66.0,44.0,Top,0
C845,68.0,44.0,Top,0
C846,70.0,44.0,Top,0
C847,72.0,44.0,Top,0
C848,74.0,44.0,Top,0
C849,76.0,44.0,Top,0
C850,78.0,44.0,Top,0
C851,80.0,44.0,Top,0
C852,82.0,44.0,Top,0
C853,84.0,44.0,Top,0
C854,86.0,44.0,Top,0
C855,88.0,44.0,Top,0
C856,90.0,44.0,Top,0
C857,92.0,44.0,Top,0
C858,94.0,44.0,Top,0
C859,96.0,44.0,Top,0
C860,98.0,44.0,Top,0
C861,100.0,44.0,Top,0
C862,102.0,44.0,Top,0
C863,104.0,44.0,Top,0
C864,106.0,44.0,Top,0
C865,108.0,44.0,Top,0
C866,10.0,46.0,Top,0
C867,12.0,46.0,Top,0
C868,14.0,46.0,Top,0
C869,16.0,46.0,Top,0
C870,18.0,46.0,Top,0
C871,20.0,46.0,Top,0
C872,22.0,46.0,Top,0
C873,24.0,46.0,Top,0
C874,26.0,46.0,Top,0
C875,28.0,46.0,Top,0
C876,30.0,46.0,Top,0
C877,32.0,46.0,Top,0
C878,34.0,46.0,Top,0
C879,36.0,46.0,Top,0
C880,38.0,46.0,Top,0
C881,40.0,46.0,Top,0
C882,42.0,46.0,Top,0
C883,44.0,46.0,Top,0
C884,46.0,46.0,Top,0
C885,48.0,46.0,Top,0
C886,50.0,46.0,Top,0
C887,52.0,46.0,Top,0
C888,54.0,46.0,Top,0
C889,56.0,46.0,Top,0
C890,58.0,46.0,Top,0
C891,60.0,46.0,Top,0
C892,62.0,46.0,Top,0
C893,64.0,46.0,Top,0
C894,66.0,46.0,Top,0
C895,68.0,46.0,Top,0
C896,70.0,46.0,Top,0
C897,72.0,46.0,Top,0
C898,74.0,46.0,Top,0
C899,76.0,46.0,Top,0
C900,78.0,46.0,Top,0
C901,80.0,46.0,Top,0
C902,82.0,46.0,Top,0
C903,84.0,46.0,Top,0
C904,86.0,46.0,Top,0
C905,88.0,46.0,Top,0
C906,90.0,46.0,Top,0
C907,92.0,46.0,Top,0
C908,94.0,46.0,Top,0
C909,96.0,46.0,Top,0
C910,98.0,46.0,Top,0
C911,100.0,46.0,Top,0
C912,102.0,46.0,Top,0
C913,104.0,46.0,Top,0
C914,106.0,46.0,Top,0
C915,108.0,46.0,Top,0
C916,10.0,48.0,Top,0
C917,12.0,48.0,Top,0
C918,14.0,48.0,Top,0
C919,16.0,48.0,Top,0
C920,18.0,48.0,Top,0
C921,20.0,48.0,Top,0
C922,22.0,48.0,Top,0
C923,24.0,48.0,Top,0
C924,26.0,48.0,Top,0
C925,28.0,48.0,Top,0
C926,30.0,48.0,Top,0
C927,32.0,48.0,Top,0
C928,34.0,48.0,Top,0
C929,36.0,48.0,Top,0
C930,38.0,48.0,Top,0
C931,40.0,48.0,Top,0
C932,42.0,48.0,Top,0
C933,44.0,48.0,Top,0
C934,46.0,48.0,Top,0
C935,48.0,48.0,Top,0
C936,50.0,48.0,Top,0
C937,52.0,48.0,Top,0
C938,54.0,48.0,Top,0
C939,56.0,48.0,Top,0
C940,58.0,48.0,Top,0
C941,60.0,48.0,Top,0
C942,62.0,48.0,Top,0
C943,64.0,48.0,Top,0
C944,66.0,48.0,Top,0
C945,68.0,48.0,Top,0
C946,70.0,48.0,Top,0
C947,72.0,48.0,Top,0
C948,74.0,48.0,Top,0
C949,76.0,48.0,Top,0
C950,78.0,48.0,Top,0
C951,80.0,48.0,Top,0
C952,82.0,48.0,Top,0
C953,84.0,48.0,Top,0
C954,86.0,48.0,Top,0
C955,88.0,48.0,Top,0
C956,90.0,48.0,Top,0
C957,92.0,48.0,Top,0
C958,94.0,48.0,Top,0
C959,96.0,48.0,Top,0
C960,98.0,48.0,Top,0
C961,100.0,48.0,Top,0
C962,102.0,48.0,Top,0
C963,104.0,48.0,Top,0
C964,106.0,48.0,Top,0
C965,108.0,48.0,Top,0
C966,10.0,50.0,Top,0
C967,12.0,50.0,Top,0
C968,14.0,50.0,Top,0
C969,16.0,50.0,Top,0
C970,18.0,50.0,Top,0
C971,20.0,50.0,Top,0
C972,22.0,50.0,Top,0
C973,24.0,50.0,Top,0
C974,26.0,50.0,Top,0
C975,28.0,50.0,Top,0
C976,30.0,50.0,Top,0
C977,32.0,50.0,Top,0
C978,34.0,50.0,Top,0
C979,36.0,50.0,Top,0
C980,38.0,50.0,Top,0
C981,40.0,50.0,Top,0
C982,42.0,50.0,Top,0
C983,44.0,50.0,Top,0
C984,46.0,50.0,Top,0
C985,48.0,50.0,Top,0
C986,50.0,50.0,Top,0
C987,52.0,50.0,Top,0
C988,54.0,50.0,Top,0
C989,56.0,50.0,Top,0
C990,58.0,50.0,Top,0
C991,60.0,50.0,Top,0
C992,62.0,50.0,Top,0
C993,64.0,50.0,Top,0
C994,66.0,50.0,Top,0
C995,68.0,50.0,Top,0
C996,70.0,50.0,Top,0
C997,72.0,50.0,Top,0
C998,74.0,50.0,Top,0
C999,76.0,50.0,Top,0
C1000,78.0,50.0,Top,0
C1001,80.0,50.0,Top,0
C1002,82.0,50.0,Top,0
C1003,84.0,50.0,Top,0
C1004,86.0,50.0,Top,0
C1005,88.0,50.0,Top,0
C1006,90.0,50.0,Top,0
C1007,92.0,50.0,Top,0
C1008,94.0,50.0,Top,0
C1009,96.0,50.0,Top,0
C1010,98.0,50.0,Top,0
C1011,100.0,50.0,Top,0
C1012,102.0,50.0,Top,0
C1013,104.0,50.0,Top,0
C1014,106.0,50.0,Top,0
C1015,108.0,50.0,Top,0
C1016,10.0,52.0,Top,0
C1017,12.0,52.0,Top,0
C1018,14.0,52.0,Top,0
C1019,16.0,52.0,Top,0
C1020,18.0,52.0,Top,0
C1021,20.0,52.0,Top,0
C1022,22.0,52.0,Top,0
C1023,24.0,52.0,Top,0
C1024,26.0,52.0,Top,0
C1025,28.0,52.0,Top,0
C1026,30.0,52.0,Top,0
C1027,32.0,52.0,Top,0
C1028,34.0,52.0,Top,0
C1029,36.0,52.0,Top,0
C1030,38.0,52.0,Top,0
C1031,40.0,52.0,Top,0
C1032,42.0,52.0,Top,0
C1033,44.0,52.0,Top,0
C1034,46.0,52.0,Top,0
C1035,48.0,52.0,Top,0
C1036,50.0,52.0,Top,0
C1037,52.0,52.0,Top,0
C1038,54.0,52.0,Top,0
C1039,56.0,52.0,Top,0
C1040,58.0,52.0,Top,0
C1041,60.0,52.0,Top,0
C1042,62.0,52.0,Top,0
C1043,64.0,52.0,Top,0
C1044,66.0,52.0,Top,0
C1045,68.0,52.0,Top,0
C1046,70.0,52.0,Top,0
C1047,72.0,52.0,Top,0
C1048,74.0,52.0,Top,0
C1049,76.0,52.0,Top,0
C1050,78.0,52.0,Top,0
C1051,80.0,52.0,Top,0
C1052,82.0,52.0,Top,0
C1053,84.0,52.0,Top,0
C1054,86.0,52.0,Top,0
C1055,88.0,52.0,Top,0
C1056,90.0,52.0,Top,0
C1057,92.0,52.0,Top,0
C1058,94.0,52.0,Top,0
C1059,96.0,52.0,Top,0
C1060,98.0,52.0,Top,0
C1061,100.0,52.0,Top,0
C1062,102.0,52.0,Top,0
C1063,104.0,52.0,Top,0
C1064,106.0,52.0,Top,0
C1065,108.0,52.0,Top,0
C1066,10.0,54.0,Top,0
C1067,12.0,54.0,Top,0
C1068,14.0,54.0,Top,0
C1069,16.0,54.0,Top,0
C1070,18.0,54.0,Top,0
C1071,20.0,54.0,Top,0
C1072,22.0,54.0,Top,0
C1073,24.0,54.0,Top,0
C1074,26.0,54.0,Top,0
C1075,28.0,54.0,Top,0
C1076,30.0,54.0,Top,0
C1077,32.0,54.0,Top,0
C1078,34.0,54.0,Top,0
C1079,36.0,54.0,Top,0
C1080,38.0,54.0,Top,0
C1081,40.0,54.0,Top,0
C1082,42.0,54.0,Top,0
C1083,44.0,54.0,Top,0
C1084,46.0,54.0,Top,0
C1085,48.0,54.0,Top,0
C1086,50.0,54.0,Top,0
C1087,52.0,54.0,Top,0
C1088,54.0,54.0,Top,0
C1089,56.0,54.0,Top,0
C1090,58.0,54.0,Top,0
C1091,60.0,54.0,Top,0
C1092,62.0,54.0,Top,0
C1093,64.0,54.0,Top,0
C1094,66.0,54.0,Top,0
C1095,68.0,54.0,Top,0
C1096,70.0,54.0,Top,0
C1097,72.0,54.0,Top,0
C1098,74.0,54.0,Top,0
C1099,76.0,54.0,Top,0
C1100,78.0,54.0,Top,0
C1101,80.0,54.0,Top,0
C1102,82.0,54.0,Top,0
C1103,84.0,54.0,Top,0
C1104,86.0,54.0,Top,0
C1105,88.0,54.0,Top,0
C1106,90.0,54.0,Top,0
C1107,92.0,54.0,Top,0
C1108,94.0,54.0,Top,0
C1109,96.0,54.0,Top,0
C1110,98.0,54.0,Top,0
C1111,100.0,54.0,Top,0
C1112,102.0,54.0,Top,0
C1113,104.0,54.0,Top,0
C1114,106.0,54.0,Top,0
C1115,108.0,54.0,Top,0
C1116,10.0,56.0,Top,0
C1117,12.0,56.0,Top,0
C1118,14.0,56.0,Top,0
C1119,16.0,56.0,Top,0
C1120,18.0,56.0,Top,0
C1121,20.0,56.0,Top,0
C1122,22.0,56.0,Top,0
C1123,24.0,56.0,Top,0
C1124,26.0,56.0,Top,0
C1125,28.0,56.0,Top,0
C1126,30.0,56.0,Top,0
C1127,32.0,56.0,Top,0
C1128,34.0,56.0,Top,0
C1129,36.0,56.0,Top,0
C1130,38.0,56.0,Top,0
C1131,40.0,56.0,Top,0
C1132,42.0,56.0,Top,0
C1133,44.0,56.0,Top,0
C1134,46.0,56.0,Top,0
C1135,48.0,56.0,Top,0
C1136,50.0,56.0,Top,0
C1137,52.0,56.0,Top,0
C1138,54.0,56.0,Top,0
C1139,56.0,56.0,Top,0
C1140,58.0,56.0,Top,0
C1141,60.0,56.0,Top,0
C1142,62.0,56.0,Top,0
C1143,64.0,56.0,Top,0
C1144,66.0,56.0,Top,0
C1145,68.0,56.0,Top,0
C1146,70.0,56.0,Top,0
C1147,72.0,56.0,Top,0
C1148,74.0,56.0,Top,0
C1149,76.0,56.0,Top,0
C1150,78.0,56.0,Top,0
C1151,80.0,56.0,Top,0
C1152,82.0,56.0,Top,0
C1153,84.0,56.0,Top,0
C1154,86.0,56.0,Top,0
C1155,88.0,56.0,Top,0
C1156,90.0,56.0,Top,0
C1157,92.0,56.0,Top,0
C1158,94.0,56.0,Top,0
C1159,96.0,56.0,Top,0
C1160,98.0,56.0,Top,0
C1161,100.0,56.0,Top,0
C1162,102.0,56.0,Top,0
C1163,104.0,56.0,Top,0
C1164,106.0,56.0,Top,0
C1165,108.0,56.0,Top,0
C1166,10.0,58.0,Top,0
C1167,12.0,58.0,Top,0
C1168,14.0,58.0,Top,0
C1169,16.0,58.0,Top,0
C1170,18.0,58.0,Top,0
C1171,20.0,58.0,Top,0
C1172,22.0,58.0,Top,0
C1173,24.0,58.0,Top,0
C1174,26.0,58.0,Top,0
C1175,28.0,58.0,Top,0
C1176,30.0,58.0,Top,0
C1177,32.0,58.0,Top,0
C1178,34.0,58.0,Top,0
C1179,36.0,58.0,Top,0
C1180,38.0,58.0,Top,0
C1181,40.0,58.0,Top,0
C1182,42.0,58.0,Top,0
C1183,44.0,58.0,Top,0
C1184,46.0,58.0,Top,0
C1185,48.0,58.0,Top,0
C1186,50.0,58.0,Top,0
C1187,52.0,58.0,Top,0
C1188,54.0,58.0,Top,0
C1189,56.0,58.0,Top,0
C1190,58.0,58.0,Top,0
C1191,60.0,58.0,Top,0
C1192,62.0,58.0,Top,0
C1193,64.0,58.0,Top,0
C1194,66.0,58.0,Top,0
C1195,68.0,58.0,Top,0
C1196,70.0,58.0,Top,0
C1197,72.0,58.0,Top,0
C1198,74.0,58.0,Top,0
C1199,76.0,58.0,Top,0
C1200,78.0,58.0,Top,0
C1201,80.0,58.0,Top,0
C1202,82.0,58.0,Top,0
C1203,84.0,58.0,Top,0
C1204,86.0,58.0,Top,0
C1205,88.0,58.0,Top,0
C1206,90.0,58.0,Top,0
C1207,92.0,58.0,Top,0
C1208,94.0,58.0,Top,0
C1209,96.0,58.0,Top,0
C1210,98.0,58.0,Top,0
C1211,100.0,58.0,Top,0
C1212,102.0,58.0,Top,0
C1213,104.0,58.0,Top,0
C1214,106.0,58.0,Top,0
C1215,108.0,58.0,Top,0
C1216,10.0,60.0,Top,0
C1217,12.0,60.0,Top,0
C1218,14.0,60.0,Top,0
C1219,16.0,60.0,Top,0
C1220,18.0,60.0,Top,0
C1221,20.0,60.0,Top,0
C1222,22.0,60.0,Top,0
C1223,24.0,60.0,Top,0
C1224,26.0,60.0,Top,0
C1225,28.0,60.0,Top,0
C1226,30.0,60.0,Top,0
C1227,32.0,60.0,Top,0
C1228,34.0,60.0,Top,0
C1229,36.0,60.0,Top,0
C1230,38.0,60.0,Top,0
C1231,40.0,60.0,Top,0
C1232,42.0,60.0,Top,0
C1233,44.0,60.0,Top,0
C1234,46.0,60.0,Top,0
C1235,48.0,60.0,Top,0
C1236,50.0,60.0,Top,0
C1237,52.0,60.0,Top,0
C1238,54.0,60.0,Top,0
C1239,56.0,60.0,Top,0
C1240,58.0,60.0,Top,0
C1241,60.0,60.0,Top,0
C1242,62.0,60.0,Top,0
C1243,64.0,60.0,Top,0
C1244,66.0,60.0,Top,0
C1245,68.0,60.0,Top,0
C1246,70.0,60.0,Top,0
C1247,72.0,60.0,Top,0
C1248,74.0,60.0,Top,0
C1249,76.0,60.0,Top,0
C1250,78.0,60.0,Top,0
C1251,80.0,60.0,Top,0
C1252,82.0,60.0,Top,0
C1253,84.0,60.0,Top,0
C1254,86.0,60.0,Top,0
C1255,88.0,60.0,Top,0
C1256,90.0,60.0,Top,0
C1257,92.0,60.0,Top,0
C1258,94.0,60.0,Top,0
C1259,96.0,60.0,Top,0
C1260,98.0,60.0,Top,0
C1261,100.0,60.0,Top,0
C1262,102.0,60.0,Top,0
C1263,104.0,60.0,Top,0
C1264,106.0,60.0,Top,0
C1265,108.0,60.0,Top,0
C1266,10.0,62.0,Top,0
C1267,12.0,62.0,Top,0
C1268,14.0,62.0,Top,0
C1269,16.0,62.0,Top,0
C1270,18.0,62.0,Top,0
C1271,20.0,62.0,Top,0
C1272,22.0,62.0,Top,0
C1273,24.0,62.0,Top,0
C1274,26.0,62.0,Top,0
C1275,28.0,62.0,Top,0
C1276,30.0,62.0,Top,0
C1277,32.0,62.0,Top,0
C1278,34.0,62.0,Top,0
C1279,36.0,62.0,Top,0
C1280,38.0,62.0,Top,0
C1281,40.0,62.0,Top,0
C1282,42.0,62.0,Top,0
C1283,44.0,62.0,Top,0
C1284,46.0,62.0,Top,0
C1285,48.0,62.0,Top,0
C1286,50.0,62.0,Top,0
C1287,52.0,62.0,Top,0
C1288,54.0,62.0,Top,0
C1289,56.0,62.0,Top,0
C1290,58.0,62.0,Top,0
C1291,60.0,62.0,Top,0
C1292,62.0,62.0,Top,0
C1293,64.0,62.0,Top,0
C1294,66.0,62.0,Top,0
C1295,68.0,62.0,Top,0
C1296,70.0,62.0,Top,0
C1297,72.0,62.0,Top,0
C1298,74.0,62.0,Top,0
C1299,76.0,62.0,Top,0
C1300,78.0,62.0,Top,0
C1301,80.0,62.0,Top,0
C1302,82.0,62.0,Top,0
C1303,84.0,62.0,Top,0
C1304,86.0,62.0,Top,0
C1305,88.0,62.0,Top,0
C1306,90.0,62.0,Top,0
C1307,92.0,62.0,Top,0
C1308,94.0,62.0,Top,0
C1309,96.0,62.0,Top,0
C1310,98.0,62.0,Top,0
C1311,100.0,62.0,Top,0
C1312,102.0,62.0,Top,0
C1313,104.0,62.0,Top,0
C1314,106.0,62.0,Top,0
C1315,108.0,62.0,Top,0
C1316,10.0,64.0,Top,0
C1317,12.0,64.0,Top,0
C1318,14.0,64.0,Top,0
C1319,16.0,64.0,Top,0
C1320,18.0,64.0,Top,0
C1321,20.0,64.0,Top,0
C1322,22.0,64.0,Top,0
C1323,24.0,64.0,Top,0
C1324,26.0,64.0,Top,0
C1325,28.0,64.0,Top,0
C1326,30.0,64.0,Top,0
C1327,32.0,64.0,Top,0
C1328,34.0,64.0,Top,0
C1329,36.0,64.0,Top,0
C1330,38.0,64.0,Top,0
C1331,40.0,64.0,Top,0
C1332,42.0,64.0,Top,0
C1333,44.0,64.0,Top,0
C1334,46.0,64.0,Top,0
C1335,48.0,64.0,Top,0
C1336,50.0,64.0,Top,0
C1337,52.0,64.0,Top,0
C1338,54.0,64.0,Top,0
C1339,56.0,64.0,Top,0
C1340,58.0,64.0,Top,0
C1341,60.0,64.0,Top,0
C1342,62.0,64.0,Top,0
C1343,64.0,64.0,Top,0
C1344,66.0,64.0,Top,0
C1345,68.0,64.0,Top,0
C1346,70.0,64.0,Top,0
C1347,72.0,64.0,Top,0
C1348,74.0,64.0,Top,0
C1349,76.0,64.0,Top,0
C1350,78.0,64.0,Top,0
C1351,80.0,64.0,Top,0
C1352,82.0,64.0,Top,0
C1353,84.0,64.0,Top,0
C1354,86.0,64.0,Top,0
C1355,88.0,64.0,Top,0
C1356,90.0,64.0,Top,0
C1357,92.0,64.0,Top,0
C1358,94.0,64.0,Top,0
C1359,96.0,64.0,Top,0
C1360,98.0,64.0,Top,0
C1361,100.0,64.0,Top,0
C1362,102.0,64.0,Top,0
C1363,104.0,64.0,Top,0
C1364,106.0,64.0,Top,0
C1365,108.0,64.0,Top,0
C1366,10.0,66.0,Top,0
C1367,12.0,66.0,Top,0
C1368,14.0,66.0,Top,0
C1369,16.0,66.0,Top,0
C1370,18.0,66.0,Top,0
C1371,20.0,66.0,Top,0
C1372,22.0,66.0,Top,0
C1373,24.0,66.0,Top,0
C1374,26.0,66.0,Top,0
C1375,28.0,66.0,Top,0
C1376,30.0,66.0,Top,0
C1377,32.0,66.0,Top,0
C1378,34.0,66.0,Top,0
C1379,36.0,66.0,Top,0
C1380,38.0,66.0,Top,0
C1381,40.0,66.0,Top,0
C1382,42.0,66.0,Top,0
C1383,44.0,66.0,Top,0
C1384,46.0,66.0,Top,0
C1385,48.0,66.0,Top,0
C1386,50.0,66.0,Top,0
C1387,52.0,66.0,Top,0
C1388,54.0,66.0,Top,0
C1389,56.0,66.0,Top,0
C1390,58.0,66.0,Top,0
C1391,60.0,66.0,Top,0
C1392,62.0,66.0,Top,0
C1393,64.0,66.0,Top,0
C1394,66.0,66.0,Top,0
C1395,68.0,66.0,Top,0
C1396,70.0,66.0,Top,0
C1397,72.0,66.0,Top,0
C1398,74.0,66.0,Top,0
C1399,76.0,66.0,Top,0
C1400,78.0,66.0,Top,0
C1401,80.0,66.0,Top,0
C1402,82.0,66.0,Top,0
C1403,84.0,66.0,Top,0
C1404,86.0,66.0,Top,0
C1405,88.0,66.0,Top,0
C1406,90.0,66.0,Top,0
C1407,92.0,66.0,Top,0
C1408,94.0,66.0,Top,0
C1409,96.0,66.0,Top,0
C1410,98.0,66.0,Top,0
C1411,100.0,66.0,Top,0
C1412,102.0,66.0,Top,0
C1413,104.0,66.0,Top,0
C1414,106.0,66.0,Top,0
C1415,108.0,66.0,Top,0
C1416,10.0,68.0,Top,0
C1417,12.0,68.0,Top,0
C1418,14.0,68.0,Top,0
C1419,16.0,68.0,Top,0
C1420,18.0,68.0,Top,0
C1421,20.0,68.0,Top,0
C1422,22.0,68.0,Top,0
C1423,24.0,68.0,Top,0
C1424,26.0,68.0,Top,0
C1425,28.0,68.0,Top,0
C1426,30.0,68.0,Top,0
C1427,32.0,68.0,Top,0
C1428,34.0,68.0,Top,0
C1429,36.0,68.0,Top,0
C1430,38.0,68.0,Top,0
C1431,40.0,68.0,Top,0
C1432,42.0,68.0,Top,0
C1433,44.0,68.0,Top,0
C1434,46.0,68.0,Top,0
C1435,48.0,68.0,Top,0
C1436,50.0,68.0,Top,0
C1437,52.0,68.0,Top,0
C1438,54.0,68.0,Top,0
C1439,56.0,68.0,Top,0
C1440,58.0,68.0,Top,0
C1441,60.0,68.0,Top,0
C1442,62.0,68.0,Top,0
C1443,64.0,68.0,Top,0
C1444,66.0,68.0,Top,0
C1445,68.0,68.0,Top,0
C1446,70.0,68.0,Top,0
C1447,72.0,68.0,Top,0
C1448,74.0,68.0,Top,0
C1449,76.0,68.0,Top,0
C1450,78.0,68.0,Top,0
C1451,80.0,68.0,Top,0
C1452,82.0,68.0,Top,0
C1453,84.0,68.0,Top,0
C1454,86.0,68.0,Top,0
C1455,88.0,68.0,Top,0
C1456,90.0,68.0,Top,0
C1457,92.0,68.0,Top,0
C1458,94.0,68.0,Top,0
C1459,96.0,68.0,Top,0
C1460,98.0,68.0,Top,0
C1461,100.0,68.0,Top,0
C1462,102.0,68.0,Top,0
C1463,104.0,68.0,Top,0
C1464,106.0,68.0,Top,0
C1465,108.0,68.0,Top,0
C1466,10.0,70.0,Top,0
C1467,12.0,70.0,Top,0
C1468,14.0,70.0,Top,0
C1469,16.0,70.0,Top,0
C1470,18.0,70.0,Top,0
C1471,20.0,70.0,Top,0
C1472,22.0,70.0,Top,0
C1473,24.0,70.0,Top,0
C1474,26.0,70.0,Top,0
C1475,28.0,70.0,Top,0
C1476,30.0,70.0,Top,0
C1477,32.0,70.0,Top,0
C1478,34.0,70.0,Top,0
C1479,36.0,70.0,Top,0
C1480,38.0,70.0,Top,0
C1481,40.0,70.0,Top,0
C1482,42.0,70.0,Top,0
C1483,44.0,70.0,Top,0
C1484,46.0,70.0,Top,0
C1485,48.0,70.0,Top,0
C1486,50.0,70.0,Top,0
C1487,52.0,70.0,Top,0
C1488,54.0,70.0,Top,0
C1489,56.0,70.0,Top,0
C1490,58.0,70.0,Top,0
C1491,60.0,70.0,Top,0
C1492,62.0,70.0,Top,0
C1493,64.0,70.0,Top,0
C1494,66.0,70.0,Top,0
C1495,68.0,70.0,Top,0
C1496,70.0,70.0,Top,0
C1497,72.0,70.0,Top,0
C1498,74.0,70.0,Top,0
C1499,76.0,70.0,Top,0
C1500,78.0,70.0,Top,0
C1501,80.0,70.0,Top,0
C1502,82.0,70.0,Top,0
C1503,84.0,70.0,Top,0
C1504,86.0,70.0,Top,0
C1505,88.0,70.0,Top,0
C1506,90.0,70.0,Top,0
C1507,92.0,70.0,Top,0
C1508,94.0,70.0,Top,0
C1509,96.0,70.0,Top,0
C1510,98.0,70.0,Top,0
C1511,100.0,70.0,Top,0
C1512,102.0,70.0,Top,0
C1513,104.0,70.0,Top,0
C1514,106.0,70.0,Top,0
C1515,108.0,70.0,Top,0
C1516,10.0,72.0,Top,0
C1517,12.0,72.0,Top,0
C1518,14.0,72.0,Top,0
C1519,16.0,72.0,Top,0
C1520,18.0,72.0,Top,0
C1521,20.0,72.0,Top,0
C1522,22.0,72.0,Top,0
C1523,24.0,72.0,Top,0
C1524,26.0,72.0,Top,0
C1525,28.0,72.0,Top,0
C1526,30.0,72.0,Top,0
C1527,32.0,72.0,Top,0
C1528,34.0,72.0,Top,0
C1529,36.0,72.0,Top,0
C1530,38.0,72.0,Top,0
C1531,40.0,72.0,Top,0
C1532,42.0,72.0,Top,0
C1533,44.0,72.0,Top,0
C1534,46.0,72.0,Top,0
C1535,48.0,72.0,Top,0
C1536,50.0,72.0,Top,0
C1537,52.0,72.0,Top,0
C1538,54.0,72.0,Top,0
C1539,56.0,72.0,Top,0
C1540,58.0,72.0,Top,0
C1541,60.0,72.0,Top,0
C1542,62.0,72.0,Top,0
C1543,64.0,72.0,Top,0
C1544,66.0,72.0,Top,0
C1545,68.0,72.0,Top,0
C1546,70.0,72.0,Top,0
C1547,72.0,72.0,Top,0
C1548,74.0,72.0,Top,0
C1549,76.0,72.0,Top,0
C1550,78.0,72.0,Top,0
C1551,80.0,72.0,Top,0
C1552,82.0,72.0,Top,0
C1553,84.0,72.0,Top,0
C1554,86.0,72.0,Top,0
C1555,88.0,72.0,Top,0
C1556,90.0,72.0,Top,0
C1557,92.0,72.0,Top,0
C1558,94.0,72.0,Top,0
C1559,96.0,72.0,Top,0
C1560,98.0,72.0,Top,0
C1561,100.0,72.0,Top,0
C1562,102.0,72.0,Top,0
C1563,104.0,72.0,Top,0
C1564,106.0,72.0,Top,0
C1565,108.0,72.0,Top,0
C1566,10.0,74.0,Top,0
C1567,12.0,74.0,Top,0
C1568,14.0,74.0,Top,0
C1569,16.0,74.0,Top,0
C1570,18.0,74.0,Top,0
C1571,20.0,74.0,Top,0
C1572,22.0,74.0,Top,0
C1573,24.0,74.0,Top,0
C1574,26.0,74.0,Top,0
C1575,28.0,74.0,Top,0
C1576,30.0,74.0,Top,0
C1577,32.0,74.0,Top,0
C1578,34.0,74.0,Top,0
C1579,36.0,74.0,Top,0
C1580,38.0,74.0,Top,0
C1581,40.0,74.0,Top,0
C1582,42.0,74.0,Top,0
C1583,44.0,74.0,Top,0
C1584,46.0,74.0,Top,0
C1585,48.0,74.0,Top,0
C1586,50.0,74.0,Top,0
C1587,52.0,74.0,Top,0
C1588,54.0,74.0,Top,0
C1589,56.0,74.0,Top,0
C1590,58.0,74.0,Top,0
C1591,60.0,74.0,Top,0
C1592,62.0,74.0,Top,0
C1593,64.0,74.0,Top,0
C1594,66.0,74.0,Top,0
C1595,68.0,74.0,Top,0
C1596,70.0,74.0,Top,0
C1597,72.0,74.0,Top,0
C1598,74.0,74.0,Top,0
C1599,76.0,74.0,Top,0
C1600,78.0,74.0,Top,0
C1601,80.0,74.0,Top,0
C1602,82.0,74.0,Top,0
C1603,84.0,74.0,Top,0
C1604,86.0,74.0,Top,0
C1605,88.0,74.0,Top,0
C1606,90.0,74.0,Top,0
C1607,92.0,74.0,Top,0
C1608,94.0,74.0,Top,0
C1609,96.0,74.0,Top,0
C1610,98.0,74.0,Top,0
C1611,100.0,74.0,Top,0
C1612,102.0,74.0,Top,0
C1613,104.0,74.0,Top,0
C1614,106.0,74.0,Top,0
C1615,108.0,74.0,Top,0
C1616,10.0,76.0,Top,0
C1617,12.0,76.0,Top,0
C1618,14.0,76.0,Top,0
C1619,16.0,76.0,Top,0
C1620,18.0,76.0,Top,0
C1621,20.0,76.0,Top,0
C1622,22.0,76.0,Top,0
C1623,24.0,76.0,Top,0
C1624,26.0,76.0,Top,0
C1625,28.0,76.0,Top,0
C1626,30.0,76.0,Top,0
C1627,32.0,76.0,Top,0
C1628,34.0,76.0,Top,0
C1629,36.0,76.0,Top,0
C1630,38.0,76.0,Top,0
C1631,40.0,76.0,Top,0
C1632,42.0,76.0,Top,0
C1633,44.0,76.0,Top,0
C1634,46.0,76.0,Top,0
C1635,48.0,76.0,Top,0
C1636,50.0,76.0,Top,0
C1637,52.0,76.0,Top,0
C1638,54.0,76.0,Top,0
C1639,56.0,76.0,Top,0
C1640,58.0,76.0,Top,0
C1641,60.0,76.0,Top,0
C1642,62.0,76.0,Top,0
C1643,64.0,76.0,Top,0
C1644,66.0,76.0,Top,0
C1645,68.0,76.0,Top,0
C1646,70.0,76.0,Top,0
C1647,72.0,76.0,Top,0
C1648,74.0,76.0,Top,0
C1649,76.0,76.0,Top,0
C1650,78.0,76.0,Top,0
C1651,80.0,76.0,Top,0
C1652,82.0,76.0,Top,0
C1653,84.0,76.0,Top,0
C1654,86.0,76.0,Top,0
C1655,88.0,76.0,Top,0
C1656,90.0,76.0,Top,0
C1657,92.0,76.0,Top,0
C1658,94.0,76.0,Top,0
C1659,96.0,76.0,Top,0
C1660,98.0,76.0,Top,0
C1661,100.0,76.0,Top,0
C1662,102.0,76.0,Top,0
C1663,104.0,76.0,Top,0
C1664,106.0,76.0,Top,0
C1665,108.0,76.0,Top,0
C1666,10.0,78.0,Top,0
C1667,12.0,78.0,Top,0
C1668,14.0,78.0,Top,0
C1669,16.0,78.0,Top,0
C1670,18.0,78.0,Top,0
C1671,20.0,78.0,Top,0
C1672,22.0,78.0,Top,0
C1673,24.0,78.0,Top,0
C1674,26.0,78.0,Top,0
C1675,28.0,78.0,Top,0
C1676,30.0,78.0,Top,0
C1677,32.0,78.0,Top,0
C1678,34.0,78.0,Top,0
C1679,36.0,78.0,Top,0
C1680,38.0,78.0,Top,0
C1681,40.0,78.0,Top,0
C1682,42.0,78.0,Top,0
C1683,44.0,78.0,Top,0
C1684,46.0,78.0,Top,0
C1685,48.0,78.0,Top,0
C1686,50.0,78.0,Top,0
C1687,52.0,78.0,Top,0
C1688,54.0,78.0,Top,0
C1689,56.0,78.0,Top,0
C1690,58.0,78.0,Top,0
C1691,60.0,78.0,Top,0
C1692,62.0,78.0,Top,0
C1693,64.0,78.0,Top,0
C1694,66.0,78.0,Top,0
C1695,68.0,78.0,Top,0
C1696,70.0,78.0,Top,0
C1697,72.0,78.0,Top,0
C1698,74.0,78.0,Top,0
C1699,76.0,78.0,Top,0
C1700,78.0,78.0,Top,0
C1701,80.0,78.0,Top,0
C1702,82.0,78.0,Top,0
C1703,84.0,78.0,Top,0
C1704,86.0,78.0,Top,0
C1705,88.0,78.0,Top,0
C1706,90.0,78.0,Top,0
C1707,92.0,78.0,Top,0
C1708,94.0,78.0,Top,0
C1709,96.0,78.0,Top,0
C1710,98.0,78.0,Top,0
C1711,100.0,78.0,Top,0
C1712,102.0,78.0,Top,0
C1713,104.0,78.0,Top,0
C1714,106.0,78.0,Top,0
C1715,108.0,78.0,Top,0
C1716,10.0,80.0,Top,0
C1717,12.0,80.0,Top,0
C1718,14.0,80.0,Top,0
C1719,16.0,80.0,Top,0
C1720,18.0,80.0,Top,0
C1721,20.0,80.0,Top,0
C1722,22.0,80.0,Top,0
C1723,24.0,80.0,Top,0
C1724,26.0,80.0,Top,0
C1725,28.0,80.0,Top,0
C1726,30.0,80.0,Top,0
C1727,32.0,80.0,Top,0
C1728,34.0,80.0,Top,0
C1729,36.0,80.0,Top,0
C1730,38.0,80.0,Top,0
C1731,40.0,80.0,Top,0
C1732,42.0,80.0,Top,0
C1733,44.0,80.0,Top,0
C1734,46.0,80.0,Top,0
C1735,48.0,80.0,Top,0
C1736,50.0,80.0,Top,0
C1737,52.0,80.0,Top,0
C1738,54.0,80.0,Top,0
C1739,56.0,80.0,Top,0
C1740,58.0,80.0,Top,0
C1741,60.0,80.0,Top,0
C1742,62.0,80.0,Top,0
C1743,64.0,80.0,Top,0
C1744,66.0,80.0,Top,0
C1745,68.0,80.0,Top,0
C1746,70.0,80.0,Top,0
C1747,72.0,80.0,Top,0
C1748,74.0,80.0,Top,0
C1749,76.0,80.0,Top,0
C1750,78.0,80.0,Top,0
C1751,80.0,80.0,Top,0
C1752,82.0,80.0,Top,0
C1753,84.0,80.0,Top,0
C1754,86.0,80.0,Top,0
C1755,88.0,80.0,Top,0
C1756,90.0,80.0,Top,0
C1757,92.0,80.0,Top,0
C1758,94.0,80.0,Top,0
C1759,96.0,80.0,Top,0
C1760,98.0,80.0,Top,0
C1761,100.0,80.0,Top,0
C1762,102.0,80.0,Top,0
C1763,104.0,80.0,Top,0
C1764,106.0,80.0,Top,0
C1765,108.0,80.0,Top,0
C1766,10.0,82.0,Top,0
C1767,12.0,82.0,Top,0
C1768,14.0,82.0,Top,0
C1769,16.0,82.0,Top,0
C1770,18.0,82.0,Top,0
C1771,20.0,82.0,Top,0
C1772,22.0,82.0,Top,0
C1773,24.0,82.0,Top,0
C1774,26.0,82.0,Top,0
C1775,28.0,82.0,Top,0
C1776,30.0,82.0,Top,0
C1777,32.0,82.0,Top,0
C1778,34.0,82.0,Top,0
C1779,36.0,82.0,Top,0
C1780,38.0,82.0,Top,0
C1781,40.0,82.0,Top,0
C1782,42.0,82.0,Top,0
C1783,44.0,82.0,Top,0
C1784,46.0,82.0,Top,0
C1785,48.0,82.0,Top,0
C1786,50.0,82.0,Top,0
C1787,52.0,82.0,Top,0
C1788,54.0,82.0,Top,0
C1789,56.0,82.0,Top,0
C1790,58.0,82.0,Top,0
C1791,60.0,82.0,Top,0
C1792,62.0,82.0,Top,0
C1793,64.0,82.0,Top,0
C1794,66.0,82.0,Top,0
C1795,68.0,82.0,Top,0
C1796,70.0,82.0,Top,0
C1797,72.0,82.0,Top,0
C1798,74.0,82.0,Top,0
C1799,76.0,82.0,Top,0
C1800,78.0,82.0,Top,0
C1801,80.0,82.0,Top,0
C1802,82.0,82.0,Top,0
C1803,84.0,82.0,Top,0
C1804,86.0,82.0,Top,0
C1805,88.0,82.0,Top,0
C1806,90.0,82.0,Top,0
C1807,92.0,82.0,Top,0
C1808,94.0,82.0,Top,0
C1809,96.0,82.0,Top,0
C1810,98.0,82.0,Top,0
C1811,100.0,82.0,Top,0
C1812,102.0,82.0,Top,0
C1813,104.0,82.0,Top,0
C1814,106.0,82.0,Top,0
C1815,108.0,82.0,Top,0
C1816,10.0,84.0,Top,0
C1817,12.0,84.0,Top,0
C1818,14.0,84.0,Top,0
C1819,16.0,84.0,Top,0
C1820,18.0,84.0,Top,0
C1821,20.0,84.0,Top,0
C1822,22.0,84.0,Top,0
C1823,24.0,84.0,Top,0
C1824,26.0,84.0,Top,0
C1825,28.0,84.0,Top,0
C1826,30.0,84.0,Top,0
C1827,32.0,84.0,Top,0
C1828,34.0,84.0,Top,0
C1829,36.0,84.0,Top,0
C1830,38.0,84.0,Top,0
C1831,40.0,84.0,Top,0
C1832,42.0,84.0,Top,0
C1833,44.0,84.0,Top,0
C1834,46.0,84.0,Top,0
C1835,48.0,84.0,Top,0
C1836,50.0,84.0,Top,0
C1837,52.0,84.0,Top,0
C1838,54.0,84.0,Top,0
C1839,56.0,84.0,Top,0
C1840,58.0,84.0,Top,0
C1841,60.0,84.0,Top,0
C1842,62.0,84.0,Top,0
C1843,64.0,84.0,Top,0
C1844,66.0,84.0,Top,0
C1845,68.0,84.0,Top,0
C1846,70.0,84.0,Top,0
C1847,72.0,84.0,Top,0
C1848,74.0,84.0,Top,0
C1849,76.0,84.0,Top,0
C1850,78.0,84.0,Top,0
C1851,80.0,84.0,Top,0
C1852,82.0,84.0,Top,0
C1853,84.0,84.0,Top,0
C1854,86.0,84.0,Top,0
C1855,88.0,84.0,Top,0
C1856,90.0,84.0,Top,0
C1857,92.0,84.0,Top,0
C1858,94.0,84.0,Top,0
C1859,96.0,84.0,Top,0
C1860,98.0,84.0,Top,0
C1861,100.0,84.0,Top,0
C1862,102.0,84.0,Top,0
C1863,104.0,84.0,Top,0
C1864,106.0,84.0,Top,0
C1865,108.0,84.0,Top,0
C1866,10.0,86.0,Top,0
C1867,12.0,86.0,Top,0
C1868,14.0,86.0,Top,0
C1869,16.0,86.0,Top,0
C1870,18.0,86.0,Top,0
C1871,20.0,86.0,Top,0
C1872,22.0,86.0,Top,0
C1873,24.0,86.0,Top,0
C1874,26.0,86.0,Top,0
C1875,28.0,86.0,Top,0
C1876,30.0,86.0,Top,0
C1877,32.0,86.0,Top,0
C1878,34.0,86.0,Top,0
C1879,36.0,86.0,Top,0
C1880,38.0,86.0,Top,0
C1881,40.0,86.0,Top,0
C1882,42.0,86.0,Top,0
C1883,44.0,86.0,Top,0
C1884,46.0,86.0,Top,0
C1885,48.0,86.0,Top,0
C1886,50.0,86.0,Top,0
C1887,52.0,86.0,Top,0
C1888,54.0,86.0,Top,0
C1889,56.0,86.0,Top,0
C1890,58.0,86.0,Top,0
C1891,60.0,86.0,Top,0
C1892,62.0,86.0,Top,0
C1893,64.0,86.0,Top,0
C1894,66.0,86.0,Top,0
C1895,68.0,86.0,Top,0
C1896,70.0,86.0,Top,0
C1897,72.0,86.0,Top,0
C1898,74.0,86.0,Top,0
C1899,76.0,86.0,Top,0
C1900,78.0,86.0,Top,0
C1901,80.0,86.0,Top,0
C1902,82.0,86.0,Top,0
C1903,84.0,86.0,Top,0
C1904,86.0,86.0,Top,0
C1905,88.0,86.0,Top,0
C1906,90.0,86.0,Top,0
C1907,92.0,86.0,Top,0
C1908,94.0,86.0,Top,0
C1909,96.0,86.0,Top,0
C1910,98.0,86.0,Top,0
C1911,100.0,86.0,Top,0
C1912,102.0,86.0,Top,0
C1913,104.0,86.0,Top,0
C1914,106.0,86.0,Top,0
C1915,108.0,86.0,Top,0
C1916,10.0,88.0,Top,0
C1917,12.0,88.0,Top,0
C1918,14.0,88.0,Top,0
C1919,16.0,88.0,Top,0
C1920,18.0,88.0,Top,0
C1921,20.0,88.0,Top,0
C1922,22.0,88.0,Top,0
C1923,24.0,88.0,Top,0
C1924,26.0,88.0,Top,0
C1925,28.0,88.0,Top,0
C1926,30.0,88.0,Top,0
C1927,32.0,88.0,Top,0
C1928,34.0,88.0,Top,0
C1929,36.0,88.0,Top,0
C1930,38.0,88.0,Top,0
C1931,40.0,88.0,Top,0
C1932,42.0,88.0,Top,0
C1933,44.0,88.0,Top,0
C1934,46.0,88.0,Top,0
C1935,48.0,88.0,Top,0
C1936,50.0,88.0,Top,0
C1937,52.0,88.0,Top,0
C1938,54.0,88.0,Top,0
C1939,56.0,88.0,Top,0
C1940,58.0,88.0,Top,0
C1941,60.0,88.0,Top,0
C1942,62.0,88.0,Top,0
C1943,64.0,88.0,Top,0
C1944,66.0,88.0,Top,0
C1945,68.0,88.0,Top,0
C1946,70.0,88.0,Top,0
C1947,72.0,88.0,Top,0
C1948,74.0,88.0,Top,0
C1949,76.0,88.0,Top,0
C1950,78.0,88.0,Top,0
C1951,80.0,88.0,Top,0
C1952,82.0,88.0,Top,0
C1953,84.0,88.0,Top,0
C1954,86.0,88.0,Top,0
C1955,88.0,88.0,Top,0
C1956,90.0,88.0,Top,0
C1957,92.0,88.0,Top,0
C1958,94.0,88.0,Top,0
C1959,96.0,88.0,Top,0
C1960,98.0,88.0,Top,0
C1961,100.0,88.0,Top,0
C1962,102.0,88.0,Top,0
C1963,104.0,88.0,Top,0
C1964,106.0,88.0,Top,0
C1965,108.0,88.0,Top,0
C1966,10.0,90.0,Top,0
C1967,12.0,90.0,Top,0
C1968,14.0,90.0,Top,0
C1969,16.0,90.0,Top,0
C1970,18.0,90.0,Top,0
C1971,20.0,90.0,Top,0
C1972,22.0,90.0,Top,0
C1973,24.0,90.0,Top,0
C1974,26.0,90.0,Top,0
C1975,28.0,90.0,Top,0
C1976,30.0,90.0,Top,0
C1977,32.0,90.0,Top,0
C1978,34.0,90.0,Top,0
C1979,36.0,90.0,Top,0
C1980,38.0,90.0,Top,0
C1981,40.0,90.0,Top,0
C1982,42.0,90.0,Top,0
C1983,44.0,90.0,Top,0
C1984,46.0,90.0,Top,0
C1985,48.0,90.0,Top,0
C1986,50.0,90.0,Top,0
C1987,52.0,90.0,Top,0
C1988,54.0,90.0,Top,0
C1989,56.0,90.0,Top,0
C1990,58.0,90.0,Top,0
C1991,60.0,90.0,Top,0
C1992,62.0,90.0,Top,0
C1993,64.0,90.0,Top,0
C1994,66.0,90.0,Top,0
C1995,68.0,90.0,Top,0
C1996,70.0,90.0,Top,0
C1997,72.0,90.0,Top,0
C1998,74.0,90.0,Top,0
C1999,76.0,90.0,Top,0
C2000,78.0,90.0,Top,0
C2001,80.0,90.0,Top,0
C2002,82.0,90.0,Top,0
C2003,84.0,90.0,Top,0
C2004,86.0,90.0,Top,0
C2005,88.0,90.0,Top,0
C2006,90.0,90.0,Top,0
C2007,92.0,90.0,Top,0
C2008,94.0,90.0,Top,0
C2009,96.0,90.0,Top,0
C2010,98.0,90.0,Top,0
C2011,100.0,90.0,Top,0
C2012,102.0,90.0,Top,0
C2013,104.0,90.0,Top,0
C2014,106.0,90.0,Top,0
C2015,108.0,90.0,Top,0
C2016,10.0,92.0,Top,0
C2017,12.0,92.0,Top,0
C2018,14.0,92.0,Top,0
C2019,16.0,92.0,Top,0
C2020,18.0,92.0,Top,0
C2021,20.0,92.0,Top,0
C2022,22.0,92.0,Top,0
C2023,24.0,92.0,Top,0
C2024,26.0,92.0,Top,0
C2025,28.0,92.0,Top,0
C2026,30.0,92.0,Top,0
C2027,32.0,92.0,Top,0
C2028,34.0,92.0,Top,0
C2029,36.0,92.0,Top,0
C2030,38.0,92.0,Top,0
C2031,40.0,92.0,Top,0
C2032,42.0,92.0,Top,0
C2033,44.0,92.0,Top,0
C2034,46.0,92.0,Top,0
C2035,48.0,92.0,Top,0
C2036,50.0,92.0,Top,0
C2037,52.0,92.0,Top,0
C2038,54.0,92.0,Top,0
C2039,56.0,92.0,Top,0
C2040,58.0,92.0,Top,0
C2041,60.0,92.0,Top,0
C2042,62.0,92.0,Top,0
C2043,64.0,92.0,Top,0
C2044,66.0,92.0,Top,0
C2045,68.0,92.0,Top,0
C2046,70.0,92.0,Top,0
C2047,72.0,92.0,Top,0
C2048,74.0,92.0,Top,0
C2049,76.0,92.0,Top,0
C2050,78.0,92.0,Top,0
C2051,80.0,92.0,Top,0
C2052,82.0,92.0,Top,0
C2053,84.0,92.0,Top,0
C2054,86.0,92.0,Top,0
C2055,88.0,92.0,Top,0
C2056,90.0,92.0,Top,0
C2057,92.0,92.0,Top,0
C2058,94.0,92.0,Top,0
C2059,96.0,92.0,Top,0
C2060,98.0,92.0,Top,0
C2061,100.0,92.0,Top,0
C2062,102.0,92.0,Top,0
C2063,104.0,92.0,Top,0
C2064,106.0,92.0,Top,0
C2065,108.0,92.0,Top,0
C2066,10.0,94.0,Top,0
C2067,12.0,94.0,Top,0
C2068,14.0,94.0,Top,0
C2069,16.0,94.0,Top,0
C2070,18.0,94.0,Top,0
C2071,20.0,94.0,Top,0
C2072,22.0,94.0,Top,0
C2073,24.0,94.0,Top,0
C2074,26.0,94.0,Top,0
C2075,28.0,94.0,Top,0
C2076,30.0,94.0,Top,0
C2077,32.0,94.0,Top,0
C2078,34.0,94.0,Top,0
C2079,36.0,94.0,Top,0
C2080,38.0,94.0,Top,0
C2081,40.0,94.0,Top,0
C2082,42.0,94.0,Top,0
C2083,44.0,94.0,Top,0
C2084,46.0,94.0,Top,0
C2085,48.0,94.0,Top,0
C2086,50.0,94.0,Top,0
C2087,52.0,94.0,Top,0
C2088,54.0,94.0,Top,0
C2089,56.0,94.0,Top,0
C2090,58.0,94.0,Top,0
C2091,60.0,94.0,Top,0
C2092,62.0,94.0,Top,0
C2093,64.0,94.0,Top,0
C2094,66.0,94.0,Top,0
C2095,68.0,94.0,Top,0
