Designator,Mid X,Mid Y,Layer,Rotation,Comment
U1,53.34,55.57,Top,0,TFLN_MZM_400G (DNP - Manual Align)
OPT1_1,15,5,Top,0,FC-TFLN-SMF28 (DNP - Manual Align)
OPT1_2,20,5,Top,0,FC-TFLN-SMF28 (DNP - Manual Align)
C1,11.8,10.0,Top,0,0603_0.1uF
C2,13.6,10.0,Top,0,0603_0.1uF
C3,15.4,10.0,Top,180,0603_0.1uF
C4,17.2,10.0,Top,90,0603_0.1uF
C5,19.0,10.0,Top,90,0603_0.1uF
C6,20.8,10.0,Top,90,0603_0.1uF
C7,22.6,10.0,Top,0,0603_0.1uF
C8,24.4,10.0,Top,0,0603_0.1uF
C9,26.2,10.0,Top,270,0603_0.1uF
C10,28.0,10.0,Top,0,0603_0.1uF
C11,29.8,10.0,Top,0,0603_0.1uF
C12,31.6,10.0,Top,0,0603_0.1uF
C13,33.4,10.0,Top,90,0603_0.1uF
C14,35.2,10.0,Top,90,0603_0.1uF
C15,37.0,10.0,Top,0,0603_0.1uF
C16,38.8,10.0,Top,90,0603_0.1uF
C17,40.6,10.0,Top,270,0603_0.1uF
C18,42.4,10.0,Top,90,0603_0.1uF
C19,44.2,10.0,Top,270,0603_0.1uF
C20,46.0,10.0,Top,180,0603_0.1uF
C21,47.8,10.0,Top,0,0603_0.1uF
C22,49.6,10.0,Top,90,0603_0.1uF
C23,51.4,10.0,Top,270,0603_0.1uF
C24,53.2,10.0,Top,180,0603_0.1uF
C25,55.0,10.0,Top,180,0603_0.1uF
C26,56.8,10.0,Top,90,0603_0.1uF
C27,58.6,10.0,Top,90,0603_0.1uF
C28,60.4,10.0,Top,180,0603_0.1uF
C29,62.2,10.0,Top,0,0603_0.1uF
C30,64.0,10.0,Top,0,0603_0.1uF
C31,65.8,10.0,Top,270,0603_0.1uF
C32,67.6,10.0,Top,0,0603_0.1uF
C33,69.4,10.0,Top,180,0603_0.1uF
C34,71.2,10.0,Top,180,0603_0.1uF
C35,73.0,10.0,Top,180,0603_0.1uF
C36,74.8,10.0,Top,0,0603_0.1uF
C37,76.6,10.0,Top,270,0603_0.1uF
C38,78.4,10.0,Top,0,0603_0.1uF
C39,80.2,10.0,Top,270,0603_0.1uF
C40,82.0,10.0,Top,0,0603_0.1uF
C41,83.8,10.0,Top,180,0603_0.1uF
C42,85.6,10.0,Top,180,0603_0.1uF
C43,87.4,10.0,Top,90,0603_0.1uF
C44,89.2,10.0,Top,0,0603_0.1uF
C45,91.0,10.0,Top,0,0603_0.1uF
C46,92.8,10.0,Top,90,0603_0.1uF
C47,94.6,10.0,Top,180,0603_0.1uF
C48,96.4,10.0,Top,0,0603_0.1uF
C49,98.2,10.0,Top,90,0603_0.1uF
C50,10.0,12.2,Top,0,0603_0.1uF
C51,11.8,12.2,Top,270,0603_0.1uF
C52,13.6,12.2,Top,180,0603_0.1uF
C53,15.4,12.2,Top,270,0603_0.1uF
C54,17.2,12.2,Top,180,0603_0.1uF
C55,19.0,12.2,Top,90,0603_0.1uF
C56,20.8,12.2,Top,180,0603_0.1uF
C57,22.6,12.2,Top,180,0603_0.1uF
C58,24.4,12.2,Top,90,0603_0.1uF
C59,26.2,12.2,Top,180,0603_0.1uF
C60,28.0,12.2,Top,0,0603_0.1uF
C61,29.8,12.2,Top,90,0603_0.1uF
C62,31.6,12.2,Top,90,0603_0.1uF
C63,33.4,12.2,Top,90,0603_0.1uF
C64,35.2,12.2,Top,270,0603_0.1uF
C65,37.0,12.2,Top,270,0603_0.1uF
C66,38.8,12.2,Top,180,0603_0.1uF
C67,40.6,12.2,Top,90,0603_0.1uF
C68,42.4,12.2,Top,180,0603_0.1uF
C69,44.2,12.2,Top,0,0603_0.1uF
C70,46.0,12.2,Top,90,0603_0.1uF
C71,47.8,12.2,Top,0,0603_0.1uF
C72,49.6,12.2,Top,180,0603_0.1uF
C73,51.4,12.2,Top,270,0603_0.1uF
C74,53.2,12.2,Top,180,0603_0.1uF
C75,55.0,12.2,Top,0,0603_0.1uF
C76,56.8,12.2,Top,90,0603_0.1uF
C77,58.6,12.2,Top,180,0603_0.1uF
C78,60.4,12.2,Top,90,0603_0.1uF
C79,62.2,12.2,Top,270,0603_0.1uF
C80,64.0,12.2,Top,270,0603_0.1uF
C81,65.8,12.2,Top,270,0603_0.1uF
C82,67.6,12.2,Top,90,0603_0.1uF
C83,69.4,12.2,Top,180,0603_0.1uF
C84,71.2,12.2,Top,90,0603_0.1uF
C85,73.0,12.2,Top,90,0603_0.1uF
C86,74.8,12.2,Top,180,0603_0.1uF
C87,76.6,12.2,Top,270,0603_0.1uF
C88,78.4,12.2,Top,270,0603_0.1uF
C89,80.2,12.2,Top,180,0603_0.1uF
C90,82.0,12.2,Top,90,0603_0.1uF
C91,83.8,12.2,Top,90,0603_0.1uF
C92,85.6,12.2,Top,270,0603_0.1uF
C93,87.4,12.2,Top,0,0603_0.1uF
C94,89.2,12.2,Top,0,0603_0.1uF
C95,91.0,12.2,Top,0,0603_0.1uF
C96,92.8,12.2,Top,90,0603_0.1uF
C97,94.6,12.2,Top,90,0603_0.1uF
C98,96.4,12.2,Top,270,0603_0.1uF
C99,98.2,12.2,Top,0,0603_0.1uF
C100,10.0,14.4,Top,270,0603_0.1uF
C101,11.8,14.4,Top,270,0603_0.1uF
C102,13.6,14.4,Top,270,0603_0.1uF
C103,15.4,14.4,Top,180,0603_0.1uF
C104,17.2,14.4,Top,0,0603_0.1uF
C105,19.0,14.4,Top,0,0603_0.1uF
C106,20.8,14.4,Top,180,0603_0.1uF
C107,22.6,14.4,Top,180,0603_0.1uF
C108,24.4,14.4,Top,0,0603_0.1uF
C109,26.2,14.4,Top,180,0603_0.1uF
C110,28.0,14.4,Top,270,0603_0.1uF
C111,29.8,14.4,Top,90,0603_0.1uF
C112,31.6,14.4,Top,270,0603_0.1uF
C113,33.4,14.4,Top,0,0603_0.1uF
C114,35.2,14.4,Top,180,0603_0.1uF
C115,37.0,14.4,Top,90,0603_0.1uF
C116,38.8,14.4,Top,0,0603_0.1uF
C117,40.6,14.4,Top,180,0603_0.1uF
C118,42.4,14.4,Top,90,0603_0.1uF
C119,44.2,14.4,Top,90,0603_0.1uF
C120,46.0,14.4,Top,180,0603_0.1uF
C121,47.8,14.4,Top,90,0603_0.1uF
C122,49.6,14.4,Top,0,0603_0.1uF
C123,51.4,14.4,Top,180,0603_0.1uF
C124,53.2,14.4,Top,270,0603_0.1uF
C125,55.0,14.4,Top,0,0603_0.1uF
C126,56.8,14.4,Top,0,0603_0.1uF
C127,58.6,14.4,Top,180,0603_0.1uF
C128,60.4,14.4,Top,180,0603_0.1uF
C129,62.2,14.4,Top,90,0603_0.1uF
C130,64.0,14.4,Top,0,0603_0.1uF
C131,65.8,14.4,Top,90,0603_0.1uF
C132,67.6,14.4,Top,0,0603_0.1uF
C133,69.4,14.4,Top,0,0603_0.1uF
C134,71.2,14.4,Top,270,0603_0.1uF
C135,73.0,14.4,Top,0,0603_0.1uF
C136,74.8,14.4,Top,90,0603_0.1uF
C137,76.6,14.4,Top,90,0603_0.1uF
C138,78.4,14.4,Top,270,0603_0.1uF
C139,80.2,14.4,Top,90,0603_0.1uF
C140,82.0,14.4,Top,180,0603_0.1uF
C141,83.8,14.4,Top,270,0603_0.1uF
C142,85.6,14.4,Top,90,0603_0.1uF
C143,87.4,14.4,Top,90,0603_0.1uF
C144,89.2,14.4,Top,180,0603_0.1uF
C145,91.0,14.4,Top,270,0603_0.1uF
C146,92.8,14.4,Top,180,0603_0.1uF
C147,94.6,14.4,Top,270,0603_0.1uF
C148,96.4,14.4,Top,270,0603_0.1uF
C149,98.2,14.4,Top,0,0603_0.1uF
C150,10.0,16.6,Top,90,0603_0.1uF
C151,11.8,16.6,Top,90,0603_0.1uF
C152,13.6,16.6,Top,0,0603_0.1uF
C153,15.4,16.6,Top,180,0603_0.1uF
C154,17.2,16.6,Top,0,0603_0.1uF
C155,19.0,16.6,Top,90,0603_0.1uF
C156,20.8,16.6,Top,90,0603_0.1uF
C157,22.6,16.6,Top,0,0603_0.1uF
C158,24.4,16.6,Top,0,0603_0.1uF
C159,26.2,16.6,Top,0,0603_0.1uF
C160,28.0,16.6,Top,90,0603_0.1uF
C161,29.8,16.6,Top,0,0603_0.1uF
C162,31.6,16.6,Top,0,0603_0.1uF
C163,33.4,16.6,Top,180,0603_0.1uF
C164,35.2,16.6,Top,0,0603_0.1uF
C165,37.0,16.6,Top,90,0603_0.1uF
C166,38.8,16.6,Top,180,0603_0.1uF
C167,40.6,16.6,Top,270,0603_0.1uF
C168,42.4,16.6,Top,90,0603_0.1uF
C169,44.2,16.6,Top,90,0603_0.1uF
C170,46.0,16.6,Top,270,0603_0.1uF
C171,47.8,16.6,Top,90,0603_0.1uF
C172,49.6,16.6,Top,270,0603_0.1uF
C173,51.4,16.6,Top,270,0603_0.1uF
C174,53.2,16.6,Top,90,0603_0.1uF
C175,55.0,16.6,Top,0,0603_0.1uF
C176,56.8,16.6,Top,0,0603_0.1uF
C177,58.6,16.6,Top,270,0603_0.1uF
C178,60.4,16.6,Top,180,0603_0.1uF
C179,62.2,16.6,Top,270,0603_0.1uF
C180,64.0,16.6,Top,270,0603_0.1uF
C181,65.8,16.6,Top,270,0603_0.1uF
C182,67.6,16.6,Top,0,0603_0.1uF
C183,69.4,16.6,Top,0,0603_0.1uF
C184,71.2,16.6,Top,0,0603_0.1uF
C185,73.0,16.6,Top,270,0603_0.1uF
C186,74.8,16.6,Top,180,0603_0.1uF
C187,76.6,16.6,Top,0,0603_0.1uF
C188,78.4,16.6,Top,90,0603_0.1uF
C189,80.2,16.6,Top,90,0603_0.1uF
C190,82.0,16.6,Top,90,0603_0.1uF
C191,83.8,16.6,Top,270,0603_0.1uF
C192,85.6,16.6,Top,90,0603_0.1uF
C193,87.4,16.6,Top,270,0603_0.1uF
C194,89.2,16.6,Top,90,0603_0.1uF
C195,91.0,16.6,Top,180,0603_0.1uF
C196,92.8,16.6,Top,270,0603_0.1uF
C197,94.6,16.6,Top,90,0603_0.1uF
C198,96.4,16.6,Top,0,0603_0.1uF
C199,98.2,16.6,Top,270,0603_0.1uF
C200,10.0,18.8,Top,0,0603_0.1uF
C201,11.8,18.8,Top,0,0603_0.1uF
C202,13.6,18.8,Top,0,0603_0.1uF
C203,15.4,18.8,Top,0,0603_0.1uF
C204,17.2,18.8,Top,90,0603_0.1uF
C205,19.0,18.8,Top,90,0603_0.1uF
C206,20.8,18.8,Top,270,0603_0.1uF
C207,22.6,18.8,Top,270,0603_0.1uF
C208,24.4,18.8,Top,270,0603_0.1uF
C209,26.2,18.8,Top,90,0603_0.1uF
C210,28.0,18.8,Top,270,0603_0.1uF
C211,29.8,18.8,Top,0,0603_0.1uF
C212,31.6,18.8,Top,90,0603_0.1uF
C213,33.4,18.8,Top,270,0603_0.1uF
C214,35.2,18.8,Top,0,0603_0.1uF
C215,37.0,18.8,Top,270,0603_0.1uF
C216,38.8,18.8,Top,180,0603_0.1uF
C217,40.6,18.8,Top,270,0603_0.1uF
C218,42.4,18.8,Top,180,0603_0.1uF
C219,44.2,18.8,Top,270,0603_0.1uF
C220,46.0,18.8,Top,270,0603_0.1uF
C221,47.8,18.8,Top,90,0603_0.1uF
C222,49.6,18.8,Top,90,0603_0.1uF
C223,51.4,18.8,Top,180,0603_0.1uF
C224,53.2,18.8,Top,90,0603_0.1uF
C225,55.0,18.8,Top,0,0603_0.1uF
C226,56.8,18.8,Top,0,0603_0.1uF
C227,58.6,18.8,Top,180,0603_0.1uF
C228,60.4,18.8,Top,0,0603_0.1uF
C229,62.2,18.8,Top,0,0603_0.1uF
C230,64.0,18.8,Top,270,0603_0.1uF
C231,65.8,18.8,Top,90,0603_0.1uF
C232,67.6,18.8,Top,0,0603_0.1uF
C233,69.4,18.8,Top,0,0603_0.1uF
C234,71.2,18.8,Top,90,0603_0.1uF
C235,73.0,18.8,Top,0,0603_0.1uF
C236,74.8,18.8,Top,0,0603_0.1uF
C237,76.6,18.8,Top,90,0603_0.1uF
C238,78.4,18.8,Top,270,0603_0.1uF
C239,80.2,18.8,Top,0,0603_0.1uF
C240,82.0,18.8,Top,90,0603_0.1uF
C241,83.8,18.8,Top,0,0603_0.1uF
C242,85.6,18.8,Top,0,0603_0.1uF
C243,87.4,18.8,Top,270,0603_0.1uF
C244,89.2,18.8,Top,180,0603_0.1uF
C245,91.0,18.8,Top,180,0603_0.1uF
C246,92.8,18.8,Top,90,0603_0.1uF
C247,94.6,18.8,Top,180,0603_0.1uF
C248,96.4,18.8,Top,90,0603_0.1uF
C249,98.2,18.8,Top,180,0603_0.1uF
C250,10.0,21.0,Top,270,0603_0.1uF
C251,11.8,21.0,Top,90,0603_0.1uF
C252,13.6,21.0,Top,180,0603_0.1uF
C253,15.4,21.0,Top,270,0603_0.1uF
C254,17.2,21.0,Top,180,0603_0.1uF
C255,19.0,21.0,Top,0,0603_0.1uF
C256,20.8,21.0,Top,0,0603_0.1uF
C257,22.6,21.0,Top,270,0603_0.1uF
C258,24.4,21.0,Top,0,0603_0.1uF
C259,26.2,21.0,Top,0,0603_0.1uF
C260,28.0,21.0,Top,90,0603_0.1uF
C261,29.8,21.0,Top,180,0603_0.1uF
C262,31.6,21.0,Top,90,0603_0.1uF
C263,33.4,21.0,Top,180,0603_0.1uF
C264,35.2,21.0,Top,0,0603_0.1uF
C265,37.0,21.0,Top,90,0603_0.1uF
C266,38.8,21.0,Top,180,0603_0.1uF
C267,40.6,21.0,Top,180,0603_0.1uF
C268,42.4,21.0,Top,90,0603_0.1uF
C269,44.2,21.0,Top,270,0603_0.1uF
C270,46.0,21.0,Top,180,0603_0.1uF
C271,47.8,21.0,Top,0,0603_0.1uF
C272,49.6,21.0,Top,180,0603_0.1uF
C273,51.4,21.0,Top,0,0603_0.1uF
C274,53.2,21.0,Top,90,0603_0.1uF
C275,55.0,21.0,Top,180,0603_0.1uF
C276,56.8,21.0,Top,0,0603_0.1uF
C277,58.6,21.0,Top,0,0603_0.1uF
C278,60.4,21.0,Top,90,0603_0.1uF
C279,62.2,21.0,Top,180,0603_0.1uF
C280,64.0,21.0,Top,180,0603_0.1uF
C281,65.8,21.0,Top,90,0603_0.1uF
C282,67.6,21.0,Top,180,0603_0.1uF
C283,69.4,21.0,Top,90,0603_0.1uF
C284,71.2,21.0,Top,180,0603_0.1uF
C285,73.0,21.0,Top,270,0603_0.1uF
C286,74.8,21.0,Top,180,0603_0.1uF
C287,76.6,21.0,Top,0,0603_0.1uF
C288,78.4,21.0,Top,0,0603_0.1uF
C289,80.2,21.0,Top,270,0603_0.1uF
C290,82.0,21.0,Top,180,0603_0.1uF
C291,83.8,21.0,Top,0,0603_0.1uF
C292,85.6,21.0,Top,0,0603_0.1uF
C293,87.4,21.0,Top,180,0603_0.1uF
C294,89.2,21.0,Top,90,0603_0.1uF
C295,91.0,21.0,Top,180,0603_0.1uF
C296,92.8,21.0,Top,90,0603_0.1uF
C297,94.6,21.0,Top,270,0603_0.1uF
C298,96.4,21.0,Top,270,0603_0.1uF
C299,98.2,21.0,Top,0,0603_0.1uF
C300,10.0,23.2,Top,0,0603_0.1uF
C301,11.8,23.2,Top,0,0603_0.1uF
C302,13.6,23.2,Top,90,0603_0.1uF
C303,15.4,23.2,Top,0,0603_0.1uF
C304,17.2,23.2,Top,180,0603_0.1uF
C305,19.0,23.2,Top,90,0603_0.1uF
C306,20.8,23.2,Top,270,0603_0.1uF
C307,22.6,23.2,Top,90,0603_0.1uF
C308,24.4,23.2,Top,0,0603_0.1uF
C309,26.2,23.2,Top,180,0603_0.1uF
C310,28.0,23.2,Top,180,0603_0.1uF
C311,29.8,23.2,Top,0,0603_0.1uF
C312,31.6,23.2,Top,180,0603_0.1uF
C313,33.4,23.2,Top,90,0603_0.1uF
C314,35.2,23.2,Top,90,0603_0.1uF
C315,37.0,23.2,Top,0,0603_0.1uF
C316,38.8,23.2,Top,180,0603_0.1uF
C317,40.6,23.2,Top,270,0603_0.1uF
C318,42.4,23.2,Top,90,0603_0.1uF
C319,44.2,23.2,Top,90,0603_0.1uF
C320,46.0,23.2,Top,90,0603_0.1uF
C321,47.8,23.2,Top,90,0603_0.1uF
C322,49.6,23.2,Top,270,0603_0.1uF
C323,51.4,23.2,Top,0,0603_0.1uF
C324,53.2,23.2,Top,90,0603_0.1uF
C325,55.0,23.2,Top,180,0603_0.1uF
C326,56.8,23.2,Top,270,0603_0.1uF
C327,58.6,23.2,Top,90,0603_0.1uF
C328,60.4,23.2,Top,180,0603_0.1uF
C329,62.2,23.2,Top,90,0603_0.1uF
C330,64.0,23.2,Top,0,0603_0.1uF
C331,65.8,23.2,Top,270,0603_0.1uF
C332,67.6,23.2,Top,0,0603_0.1uF
C333,69.4,23.2,Top,270,0603_0.1uF
C334,71.2,23.2,Top,90,0603_0.1uF
C335,73.0,23.2,Top,90,0603_0.1uF
C336,74.8,23.2,Top,270,0603_0.1uF
C337,76.6,23.2,Top,180,0603_0.1uF
C338,78.4,23.2,Top,180,0603_0.1uF
C339,80.2,23.2,Top,90,0603_0.1uF
C340,82.0,23.2,Top,90,0603_0.1uF
C341,83.8,23.2,Top,0,0603_0.1uF
C342,85.6,23.2,Top,90,0603_0.1uF
C343,87.4,23.2,Top,270,0603_0.1uF
C344,89.2,23.2,Top,180,0603_0.1uF
C345,91.0,23.2,Top,180,0603_0.1uF
C346,92.8,23.2,Top,0,0603_0.1uF
C347,94.6,23.2,Top,180,0603_0.1uF
C348,96.4,23.2,Top,180,0603_0.1uF
C349,98.2,23.2,Top,270,0603_0.1uF
C350,10.0,25.4,Top,180,0603_0.1uF
C351,11.8,25.4,Top,0,0603_0.1uF
C352,13.6,25.4,Top,0,0603_0.1uF
C353,15.4,25.4,Top,180,0603_0.1uF
C354,17.2,25.4,Top,90,0603_0.1uF
C355,19.0,25.4,Top,180,0603_0.1uF
C356,20.8,25.4,Top,0,0603_0.1uF
C357,22.6,25.4,Top,0,0603_0.1uF
C358,24.4,25.4,Top,270,0603_0.1uF
C359,26.2,25.4,Top,180,0603_0.1uF
C360,28.0,25.4,Top,180,0603_0.1uF
C361,29.8,25.4,Top,270,0603_0.1uF
C362,31.6,25.4,Top,0,0603_0.1uF
C363,33.4,25.4,Top,270,0603_0.1uF
C364,35.2,25.4,Top,90,0603_0.1uF
C365,37.0,25.4,Top,180,0603_0.1uF
C366,38.8,25.4,Top,0,0603_0.1uF
C367,40.6,25.4,Top,270,0603_0.1uF
C368,42.4,25.4,Top,0,0603_0.1uF
C369,44.2,25.4,Top,90,0603_0.1uF
C370,46.0,25.4,Top,180,0603_0.1uF
C371,47.8,25.4,Top,270,0603_0.1uF
C372,49.6,25.4,Top,0,0603_0.1uF
C373,51.4,25.4,Top,180,0603_0.1uF
C374,53.2,25.4,Top,180,0603_0.1uF
C375,55.0,25.4,Top,0,0603_0.1uF
C376,56.8,25.4,Top,180,0603_0.1uF
C377,58.6,25.4,Top,180,0603_0.1uF
C378,60.4,25.4,Top,270,0603_0.1uF
C379,62.2,25.4,Top,180,0603_0.1uF
C380,64.0,25.4,Top,270,0603_0.1uF
C381,65.8,25.4,Top,180,0603_0.1uF
C382,67.6,25.4,Top,90,0603_0.1uF
C383,69.4,25.4,Top,90,0603_0.1uF
C384,71.2,25.4,Top,270,0603_0.1uF
C385,73.0,25.4,Top,270,0603_0.1uF
C386,74.8,25.4,Top,90,0603_0.1uF
C387,76.6,25.4,Top,180,0603_0.1uF
C388,78.4,25.4,Top,270,0603_0.1uF
C389,80.2,25.4,Top,0,0603_0.1uF
C390,82.0,25.4,Top,180,0603_0.1uF
C391,83.8,25.4,Top,180,0603_0.1uF
C392,85.6,25.4,Top,90,0603_0.1uF
C393,87.4,25.4,Top,270,0603_0.1uF
C394,89.2,25.4,Top,180,0603_0.1uF
C395,91.0,25.4,Top,270,0603_0.1uF
C396,92.8,25.4,Top,270,0603_0.1uF
C397,94.6,25.4,Top,270,0603_0.1uF
C398,96.4,25.4,Top,90,0603_0.1uF
C399,98.2,25.4,Top,270,0603_0.1uF
C400,10.0,27.6,Top,90,0603_0.1uF
C401,11.8,27.6,Top,0,0603_0.1uF
C402,13.6,27.6,Top,180,0603_0.1uF
C403,15.4,27.6,Top,180,0603_0.1uF
C404,17.2,27.6,Top,0,0603_0.1uF
C405,19.0,27.6,Top,90,0603_0.1uF
C406,20.8,27.6,Top,180,0603_0.1uF
C407,22.6,27.6,Top,90,0603_0.1uF
C408,24.4,27.6,Top,90,0603_0.1uF
C409,26.2,27.6,Top,90,0603_0.1uF
C410,28.0,27.6,Top,0,0603_0.1uF
C411,29.8,27.6,Top,0,0603_0.1uF
C412,31.6,27.6,Top,90,0603_0.1uF
C413,33.4,27.6,Top,270,0603_0.1uF
C414,35.2,27.6,Top,0,0603_0.1uF
C415,37.0,27.6,Top,270,0603_0.1uF
C416,38.8,27.6,Top,270,0603_0.1uF
C417,40.6,27.6,Top,90,0603_0.1uF
C418,42.4,27.6,Top,270,0603_0.1uF
C419,44.2,27.6,Top,270,0603_0.1uF
C420,46.0,27.6,Top,270,0603_0.1uF
C421,47.8,27.6,Top,90,0603_0.1uF
C422,49.6,27.6,Top,90,0603_0.1uF
C423,51.4,27.6,Top,0,0603_0.1uF
C424,53.2,27.6,Top,0,0603_0.1uF
C425,55.0,27.6,Top,270,0603_0.1uF
C426,56.8,27.6,Top,90,0603_0.1uF
C427,58.6,27.6,Top,90,0603_0.1uF
C428,60.4,27.6,Top,270,0603_0.1uF
C429,62.2,27.6,Top,0,0603_0.1uF
C430,64.0,27.6,Top,90,0603_0.1uF
C431,65.8,27.6,Top,0,0603_0.1uF
C432,67.6,27.6,Top,270,0603_0.1uF
C433,69.4,27.6,Top,90,0603_0.1uF
C434,71.2,27.6,Top,270,0603_0.1uF
C435,73.0,27.6,Top,180,0603_0.1uF
C436,74.8,27.6,Top,270,0603_0.1uF
C437,76.6,27.6,Top,270,0603_0.1uF
C438,78.4,27.6,Top,270,0603_0.1uF
C439,80.2,27.6,Top,90,0603_0.1uF
C440,82.0,27.6,Top,270,0603_0.1uF
C441,83.8,27.6,Top,270,0603_0.1uF
C442,85.6,27.6,Top,180,0603_0.1uF
C443,87.4,27.6,Top,90,0603_0.1uF
C444,89.2,27.6,Top,180,0603_0.1uF
C445,91.0,27.6,Top,270,0603_0.1uF
C446,92.8,27.6,Top,90,0603_0.1uF
C447,94.6,27.6,Top,180,0603_0.1uF
C448,96.4,27.6,Top,270,0603_0.1uF
C449,98.2,27.6,Top,0,0603_0.1uF
C450,10.0,29.8,Top,180,0603_0.1uF
C451,11.8,29.8,Top,90,0603_0.1uF
C452,13.6,29.8,Top,180,0603_0.1uF
C453,15.4,29.8,Top,180,0603_0.1uF
C454,17.2,29.8,Top,180,0603_0.1uF
C455,19.0,29.8,Top,0,0603_0.1uF
C456,20.8,29.8,Top,90,0603_0.1uF
C457,22.6,29.8,Top,90,0603_0.1uF
C458,24.4,29.8,Top,90,0603_0.1uF
C459,26.2,29.8,Top,270,0603_0.1uF
C460,28.0,29.8,Top,90,0603_0.1uF
C461,29.8,29.8,Top,90,0603_0.1uF
C462,31.6,29.8,Top,0,0603_0.1uF
C463,33.4,29.8,Top,270,0603_0.1uF
C464,35.2,29.8,Top,270,0603_0.1uF
C465,37.0,29.8,Top,180,0603_0.1uF
C466,38.8,29.8,Top,270,0603_0.1uF
C467,40.6,29.8,Top,270,0603_0.1uF
C468,42.4,29.8,Top,0,0603_0.1uF
C469,44.2,29.8,Top,90,0603_0.1uF
C470,46.0,29.8,Top,270,0603_0.1uF
C471,47.8,29.8,Top,270,0603_0.1uF
C472,49.6,29.8,Top,0,0603_0.1uF
C473,51.4,29.8,Top,270,0603_0.1uF
C474,53.2,29.8,Top,270,0603_0.1uF
C475,55.0,29.8,Top,0,0603_0.1uF
C476,56.8,29.8,Top,180,0603_0.1uF
C477,58.6,29.8,Top,180,0603_0.1uF
C478,60.4,29.8,Top,270,0603_0.1uF
C479,62.2,29.8,Top,270,0603_0.1uF
C480,64.0,29.8,Top,90,0603_0.1uF
C481,65.8,29.8,Top,270,0603_0.1uF
C482,67.6,29.8,Top,90,0603_0.1uF
C483,69.4,29.8,Top,180,0603_0.1uF
C484,71.2,29.8,Top,270,0603_0.1uF
C485,73.0,29.8,Top,270,0603_0.1uF
C486,74.8,29.8,Top,0,0603_0.1uF
C487,76.6,29.8,Top,270,0603_0.1uF
C488,78.4,29.8,Top,180,0603_0.1uF
C489,80.2,29.8,Top,270,0603_0.1uF
C490,82.0,29.8,Top,90,0603_0.1uF
C491,83.8,29.8,Top,270,0603_0.1uF
C492,85.6,29.8,Top,90,0603_0.1uF
C493,87.4,29.8,Top,0,0603_0.1uF
C494,89.2,29.8,Top,270,0603_0.1uF
C495,91.0,29.8,Top,0,0603_0.1uF
C496,92.8,29.8,Top,0,0603_0.1uF
C497,94.6,29.8,Top,270,0603_0.1uF
C498,96.4,29.8,Top,90,0603_0.1uF
C499,98.2,29.8,Top,270,0603_0.1uF
C500,10.0,32.0,Top,90,0603_0.1uF
C501,11.8,32.0,Top,0,0603_0.1uF
C502,13.6,32.0,Top,180,0603_0.1uF
C503,15.4,32.0,Top,270,0603_0.1uF
C504,17.2,32.0,Top,180,0603_0.1uF
C505,19.0,32.0,Top,90,0603_0.1uF
C506,20.8,32.0,Top,270,0603_0.1uF
C507,22.6,32.0,Top,180,0603_0.1uF
C508,24.4,32.0,Top,180,0603_0.1uF
C509,26.2,32.0,Top,270,0603_0.1uF
C510,28.0,32.0,Top,180,0603_0.1uF
C511,29.8,32.0,Top,270,0603_0.1uF
C512,31.6,32.0,Top,180,0603_0.1uF
C513,33.4,32.0,Top,0,0603_0.1uF
C514,35.2,32.0,Top,270,0603_0.1uF
C515,37.0,32.0,Top,0,0603_0.1uF
C516,38.8,32.0,Top,0,0603_0.1uF
C517,40.6,32.0,Top,180,0603_0.1uF
C518,42.4,32.0,Top,90,0603_0.1uF
C519,44.2,32.0,Top,0,0603_0.1uF
C520,46.0,32.0,Top,0,0603_0.1uF
C521,47.8,32.0,Top,0,0603_0.1uF
C522,49.6,32.0,Top,90,0603_0.1uF
C523,51.4,32.0,Top,90,0603_0.1uF
C524,53.2,32.0,Top,0,0603_0.1uF
C525,55.0,32.0,Top,90,0603_0.1uF
C526,56.8,32.0,Top,90,0603_0.1uF
C527,58.6,32.0,Top,90,0603_0.1uF
C528,60.4,32.0,Top,270,0603_0.1uF
C529,62.2,32.0,Top,0,0603_0.1uF
C530,64.0,32.0,Top,90,0603_0.1uF
C531,65.8,32.0,Top,270,0603_0.1uF
C532,67.6,32.0,Top,180,0603_0.1uF
C533,69.4,32.0,Top,180,0603_0.1uF
C534,71.2,32.0,Top,90,0603_0.1uF
C535,73.0,32.0,Top,0,0603_0.1uF
C536,74.8,32.0,Top,90,0603_0.1uF
C537,76.6,32.0,Top,180,0603_0.1uF
C538,78.4,32.0,Top,0,0603_0.1uF
C539,80.2,32.0,Top,0,0603_0.1uF
C540,82.0,32.0,Top,180,0603_0.1uF
C541,83.8,32.0,Top,270,0603_0.1uF
C542,85.6,32.0,Top,270,0603_0.1uF
C543,87.4,32.0,Top,90,0603_0.1uF
C544,89.2,32.0,Top,0,0603_0.1uF
C545,91.0,32.0,Top,90,0603_0.1uF
C546,92.8,32.0,Top,0,0603_0.1uF
C547,94.6,32.0,Top,180,0603_0.1uF
C548,96.4,32.0,Top,0,0603_0.1uF
C549,98.2,32.0,Top,0,0603_0.1uF
C550,10.0,34.2,Top,180,0603_0.1uF
C551,11.8,34.2,Top,270,0603_0.1uF
C552,13.6,34.2,Top,180,0603_0.1uF
C553,15.4,34.2,Top,0,0603_0.1uF
C554,17.2,34.2,Top,180,0603_0.1uF
C555,19.0,34.2,Top,0,0603_0.1uF
C556,20.8,34.2,Top,270,0603_0.1uF
C557,22.6,34.2,Top,270,0603_0.1uF
C558,24.4,34.2,Top,0,0603_0.1uF
C559,26.2,34.2,Top,270,0603_0.1uF
C560,28.0,34.2,Top,180,0603_0.1uF
C561,29.8,34.2,Top,270,0603_0.1uF
C562,31.6,34.2,Top,90,0603_0.1uF
C563,33.4,34.2,Top,270,0603_0.1uF
C564,35.2,34.2,Top,90,0603_0.1uF
C565,37.0,34.2,Top,180,0603_0.1uF
C566,38.8,34.2,Top,270,0603_0.1uF
C567,40.6,34.2,Top,270,0603_0.1uF
C568,42.4,34.2,Top,270,0603_0.1uF
C569,44.2,34.2,Top,180,0603_0.1uF
C570,46.0,34.2,Top,180,0603_0.1uF
C571,47.8,34.2,Top,90,0603_0.1uF
C572,49.6,34.2,Top,0,0603_0.1uF
C573,51.4,34.2,Top,180,0603_0.1uF
C574,53.2,34.2,Top,270,0603_0.1uF
C575,55.0,34.2,Top,90,0603_0.1uF
C576,56.8,34.2,Top,270,0603_0.1uF
C577,58.6,34.2,Top,270,0603_0.1uF
C578,60.4,34.2,Top,180,0603_0.1uF
C579,62.2,34.2,Top,0,0603_0.1uF
C580,64.0,34.2,Top,270,0603_0.1uF
C581,65.8,34.2,Top,180,0603_0.1uF
C582,67.6,34.2,Top,90,0603_0.1uF
C583,69.4,34.2,Top,270,0603_0.1uF
C584,71.2,34.2,Top,90,0603_0.1uF
C585,73.0,34.2,Top,180,0603_0.1uF
C586,74.8,34.2,Top,180,0603_0.1uF
C587,76.6,34.2,Top,180,0603_0.1uF
C588,78.4,34.2,Top,180,0603_0.1uF
C589,80.2,34.2,Top,180,0603_0.1uF
C590,82.0,34.2,Top,0,0603_0.1uF
C591,83.8,34.2,Top,90,0603_0.1uF
C592,85.6,34.2,Top,0,0603_0.1uF
C593,87.4,34.2,Top,90,0603_0.1uF
C594,89.2,34.2,Top,270,0603_0.1uF
C595,91.0,34.2,Top,270,0603_0.1uF
C596,92.8,34.2,Top,90,0603_0.1uF
C597,94.6,34.2,Top,270,0603_0.1uF
C598,96.4,34.2,Top,270,0603_0.1uF
C599,98.2,34.2,Top,270,0603_0.1uF
C600,10.0,36.4,Top,0,0603_0.1uF
C601,11.8,36.4,Top,0,0603_0.1uF
C602,13.6,36.4,Top,180,0603_0.1uF
C603,15.4,36.4,Top,90,0603_0.1uF
C604,17.2,36.4,Top,270,0603_0.1uF
C605,19.0,36.4,Top,90,0603_0.1uF
C606,20.8,36.4,Top,180,0603_0.1uF
C607,22.6,36.4,Top,180,0603_0.1uF
C608,24.4,36.4,Top,270,0603_0.1uF
C609,26.2,36.4,Top,180,0603_0.1uF
C610,28.0,36.4,Top,270,0603_0.1uF
C611,29.8,36.4,Top,180,0603_0.1uF
C612,31.6,36.4,Top,180,0603_0.1uF
C613,33.4,36.4,Top,270,0603_0.1uF
C614,35.2,36.4,Top,180,0603_0.1uF
C615,37.0,36.4,Top,180,0603_0.1uF
C616,38.8,36.4,Top,180,0603_0.1uF
C617,40.6,36.4,Top,90,0603_0.1uF
C618,42.4,36.4,Top,0,0603_0.1uF
C619,44.2,36.4,Top,90,0603_0.1uF
C620,46.0,36.4,Top,180,0603_0.1uF
C621,47.8,36.4,Top,0,0603_0.1uF
C622,49.6,36.4,Top,90,0603_0.1uF
C623,51.4,36.4,Top,90,0603_0.1uF
C624,53.2,36.4,Top,90,0603_0.1uF
C625,55.0,36.4,Top,270,0603_0.1uF
C626,56.8,36.4,Top,180,0603_0.1uF
C627,58.6,36.4,Top,180,0603_0.1uF
C628,60.4,36.4,Top,0,0603_0.1uF
C629,62.2,36.4,Top,90,0603_0.1uF
C630,64.0,36.4,Top,180,0603_0.1uF
C631,65.8,36.4,Top,90,0603_0.1uF
C632,67.6,36.4,Top,180,0603_0.1uF
C633,69.4,36.4,Top,90,0603_0.1uF
C634,71.2,36.4,Top,180,0603_0.1uF
C635,73.0,36.4,Top,0,0603_0.1uF
C636,74.8,36.4,Top,90,0603_0.1uF
C637,76.6,36.4,Top,180,0603_0.1uF
C638,78.4,36.4,Top,0,0603_0.1uF
C639,80.2,36.4,Top,0,0603_0.1uF
C640,82.0,36.4,Top,180,0603_0.1uF
C641,83.8,36.4,Top,90,0603_0.1uF
C642,85.6,36.4,Top,270,0603_0.1uF
C643,87.4,36.4,Top,0,0603_0.1uF
C644,89.2,36.4,Top,0,0603_0.1uF
C645,91.0,36.4,Top,180,0603_0.1uF
C646,92.8,36.4,Top,270,0603_0.1uF
C647,94.6,36.4,Top,270,0603_0.1uF
C648,96.4,36.4,Top,270,0603_0.1uF
C649,98.2,36.4,Top,180,0603_0.1uF
C650,10.0,38.6,Top,90,0603_0.1uF
C651,11.8,38.6,Top,0,0603_0.1uF
C652,13.6,38.6,Top,180,0603_0.1uF
C653,15.4,38.6,Top,270,0603_0.1uF
C654,17.2,38.6,Top,0,0603_0.1uF
C655,19.0,38.6,Top,0,0603_0.1uF
C656,20.8,38.6,Top,270,0603_0.1uF
C657,22.6,38.6,Top,270,0603_0.1uF
C658,24.4,38.6,Top,0,0603_0.1uF
C659,26.2,38.6,Top,0,0603_0.1uF
C660,28.0,38.6,Top,90,0603_0.1uF
C661,29.8,38.6,Top,90,0603_0.1uF
C662,31.6,38.6,Top,180,0603_0.1uF
C663,33.4,38.6,Top,0,0603_0.1uF
C664,35.2,38.6,Top,90,0603_0.1uF
C665,37.0,38.6,Top,0,0603_0.1uF
C666,38.8,38.6,Top,270,0603_0.1uF
C667,40.6,38.6,Top,90,0603_0.1uF
C668,42.4,38.6,Top,270,0603_0.1uF
C669,44.2,38.6,Top,270,0603_0.1uF
C670,46.0,38.6,Top,270,0603_0.1uF
C671,47.8,38.6,Top,180,0603_0.1uF
C672,49.6,38.6,Top,270,0603_0.1uF
C673,51.4,38.6,Top,180,0603_0.1uF
C674,53.2,38.6,Top,0,0603_0.1uF
C675,55.0,38.6,Top,0,0603_0.1uF
C676,56.8,38.6,Top,90,0603_0.1uF
C677,58.6,38.6,Top,90,0603_0.1uF
C678,60.4,38.6,Top,180,0603_0.1uF
C679,62.2,38.6,Top,0,0603_0.1uF
C680,64.0,38.6,Top,90,0603_0.1uF
C681,65.8,38.6,Top,90,0603_0.1uF
C682,67.6,38.6,Top,90,0603_0.1uF
C683,69.4,38.6,Top,0,0603_0.1uF
C684,71.2,38.6,Top,90,0603_0.1uF
C685,73.0,38.6,Top,0,0603_0.1uF
C686,74.8,38.6,Top,270,0603_0.1uF
C687,76.6,38.6,Top,270,0603_0.1uF
C688,78.4,38.6,Top,270,0603_0.1uF
C689,80.2,38.6,Top,180,0603_0.1uF
C690,82.0,38.6,Top,0,0603_0.1uF
C691,83.8,38.6,Top,90,0603_0.1uF
C692,85.6,38.6,Top,180,0603_0.1uF
C693,87.4,38.6,Top,180,0603_0.1uF
C694,89.2,38.6,Top,270,0603_0.1uF
C695,91.0,38.6,Top,0,0603_0.1uF
C696,92.8,38.6,Top,90,0603_0.1uF
C697,94.6,38.6,Top,180,0603_0.1uF
C698,96.4,38.6,Top,90,0603_0.1uF
C699,98.2,38.6,Top,270,0603_0.1uF
C700,10.0,40.8,Top,0,0603_0.1uF
C701,11.8,40.8,Top,90,0603_0.1uF
C702,13.6,40.8,Top,90,0603_0.1uF
C703,15.4,40.8,Top,180,0603_0.1uF
C704,17.2,40.8,Top,90,0603_0.1uF
C705,19.0,40.8,Top,0,0603_0.1uF
C706,20.8,40.8,Top,0,0603_0.1uF
C707,22.6,40.8,Top,90,0603_0.1uF
C708,24.4,40.8,Top,180,0603_0.1uF
C709,26.2,40.8,Top,180,0603_0.1uF
C710,28.0,40.8,Top,270,0603_0.1uF
C711,29.8,40.8,Top,0,0603_0.1uF
C712,31.6,40.8,Top,270,0603_0.1uF
C713,33.4,40.8,Top,180,0603_0.1uF
C714,35.2,40.8,Top,270,0603_0.1uF
C715,37.0,40.8,Top,180,0603_0.1uF
C716,38.8,40.8,Top,270,0603_0.1uF
C717,40.6,40.8,Top,270,0603_0.1uF
C718,42.4,40.8,Top,0,0603_0.1uF
C719,44.2,40.8,Top,0,0603_0.1uF
C720,46.0,40.8,Top,270,0603_0.1uF
C721,47.8,40.8,Top,180,0603_0.1uF
C722,49.6,40.8,Top,180,0603_0.1uF
C723,51.4,40.8,Top,0,0603_0.1uF
C724,53.2,40.8,Top,0,0603_0.1uF
C725,55.0,40.8,Top,90,0603_0.1uF
C726,56.8,40.8,Top,0,0603_0.1uF
C727,58.6,40.8,Top,180,0603_0.1uF
C728,60.4,40.8,Top,0,0603_0.1uF
C729,62.2,40.8,Top,90,0603_0.1uF
C730,64.0,40.8,Top,270,0603_0.1uF
C731,65.8,40.8,Top,270,0603_0.1uF
C732,67.6,40.8,Top,180,0603_0.1uF
C733,69.4,40.8,Top,90,0603_0.1uF
C734,71.2,40.8,Top,270,0603_0.1uF
C735,73.0,40.8,Top,270,0603_0.1uF
C736,74.8,40.8,Top,0,0603_0.1uF
C737,76.6,40.8,Top,270,0603_0.1uF
C738,78.4,40.8,Top,180,0603_0.1uF
C739,80.2,40.8,Top,270,0603_0.1uF
C740,82.0,40.8,Top,180,0603_0.1uF
C741,83.8,40.8,Top,180,0603_0.1uF
C742,85.6,40.8,Top,0,0603_0.1uF
C743,87.4,40.8,Top,90,0603_0.1uF
C744,89.2,40.8,Top,180,0603_0.1uF
C745,91.0,40.8,Top,270,0603_0.1uF
C746,92.8,40.8,Top,270,0603_0.1uF
C747,94.6,40.8,Top,180,0603_0.1uF
C748,96.4,40.8,Top,270,0603_0.1uF
C749,98.2,40.8,Top,0,0603_0.1uF
C750,10.0,43.0,Top,270,0603_0.1uF
C751,11.8,43.0,Top,0,0603_0.1uF
C752,13.6,43.0,Top,180,0603_0.1uF
C753,15.4,43.0,Top,180,0603_0.1uF
C754,17.2,43.0,Top,180,0603_0.1uF
C755,19.0,43.0,Top,0,0603_0.1uF
C756,20.8,43.0,Top,270,0603_0.1uF
C757,22.6,43.0,Top,0,0603_0.1uF
C758,24.4,43.0,Top,270,0603_0.1uF
C759,26.2,43.0,Top,270,0603_0.1uF
C760,28.0,43.0,Top,0,0603_0.1uF
C761,29.8,43.0,Top,90,0603_0.1uF
C762,31.6,43.0,Top,180,0603_0.1uF
C763,33.4,43.0,Top,270,0603_0.1uF
C764,35.2,43.0,Top,270,0603_0.1uF
C765,37.0,43.0,Top,0,0603_0.1uF
C766,38.8,43.0,Top,90,0603_0.1uF
C767,40.6,43.0,Top,180,0603_0.1uF
C768,42.4,43.0,Top,90,0603_0.1uF
C769,44.2,43.0,Top,180,0603_0.1uF
C770,46.0,43.0,Top,270,0603_0.1uF
C771,47.8,43.0,Top,270,0603_0.1uF
C772,49.6,43.0,Top,0,0603_0.1uF
C773,51.4,43.0,Top,0,0603_0.1uF
C774,53.2,43.0,Top,90,0603_0.1uF
C775,55.0,43.0,Top,90,0603_0.1uF
C776,56.8,43.0,Top,180,0603_0.1uF
C777,58.6,43.0,Top,0,0603_0.1uF
C778,60.4,43.0,Top,270,0603_0.1uF
C779,62.2,43.0,Top,0,0603_0.1uF
C780,64.0,43.0,Top,90,0603_0.1uF
C781,65.8,43.0,Top,0,0603_0.1uF
C782,67.6,43.0,Top,270,0603_0.1uF
C783,69.4,43.0,Top,0,0603_0.1uF
C784,71.2,43.0,Top,90,0603_0.1uF
C785,73.0,43.0,Top,270,0603_0.1uF
C786,74.8,43.0,Top,180,0603_0.1uF
C787,76.6,43.0,Top,180,0603_0.1uF
C788,78.4,43.0,Top,270,0603_0.1uF
C789,80.2,43.0,Top,270,0603_0.1uF
C790,82.0,43.0,Top,270,0603_0.1uF
C791,83.8,43.0,Top,90,0603_0.1uF
C792,85.6,43.0,Top,270,0603_0.1uF
C793,87.4,43.0,Top,90,0603_0.1uF
C794,89.2,43.0,Top,270,0603_0.1uF
C795,91.0,43.0,Top,90,0603_0.1uF
C796,92.8,43.0,Top,90,0603_0.1uF
C797,94.6,43.0,Top,0,0603_0.1uF
C798,96.4,43.0,Top,180,0603_0.1uF
C799,98.2,43.0,Top,270,0603_0.1uF
C800,10.0,45.2,Top,180,0603_0.1uF
C801,11.8,45.2,Top,180,0603_0.1uF
C802,13.6,45.2,Top,0,0603_0.1uF
C803,15.4,45.2,Top,180,0603_0.1uF
C804,17.2,45.2,Top,180,0603_0.1uF
C805,19.0,45.2,Top,270,0603_0.1uF
C806,20.8,45.2,Top,90,0603_0.1uF
C807,22.6,45.2,Top,270,0603_0.1uF
C808,24.4,45.2,Top,270,0603_0.1uF
C809,26.2,45.2,Top,180,0603_0.1uF
C810,28.0,45.2,Top,180,0603_0.1uF
C811,29.8,45.2,Top,270,0603_0.1uF
C812,31.6,45.2,Top,270,0603_0.1uF
C813,33.4,45.2,Top,180,0603_0.1uF
C814,35.2,45.2,Top,90,0603_0.1uF
C815,37.0,45.2,Top,90,0603_0.1uF
C816,38.8,45.2,Top,270,0603_0.1uF
C817,40.6,45.2,Top,90,0603_0.1uF
C818,42.4,45.2,Top,270,0603_0.1uF
C819,44.2,45.2,Top,0,0603_0.1uF
C820,46.0,45.2,Top,180,0603_0.1uF
C821,47.8,45.2,Top,270,0603_0.1uF
C822,49.6,45.2,Top,270,0603_0.1uF
C823,51.4,45.2,Top,270,0603_0.1uF
C824,53.2,45.2,Top,90,0603_0.1uF
C825,55.0,45.2,Top,270,0603_0.1uF
C826,56.8,45.2,Top,0,0603_0.1uF
C827,58.6,45.2,Top,90,0603_0.1uF
C828,60.4,45.2,Top,180,0603_0.1uF
C829,62.2,45.2,Top,0,0603_0.1uF
C830,64.0,45.2,Top,270,0603_0.1uF
C831,65.8,45.2,Top,0,0603_0.1uF
C832,67.6,45.2,Top,270,0603_0.1uF
C833,69.4,45.2,Top,0,0603_0.1uF
C834,71.2,45.2,Top,90,0603_0.1uF
C835,73.0,45.2,Top,270,0603_0.1uF
C836,74.8,45.2,Top,90,0603_0.1uF
C837,76.6,45.2,Top,0,0603_0.1uF
C838,78.4,45.2,Top,270,0603_0.1uF
C839,80.2,45.2,Top,180,0603_0.1uF
C840,82.0,45.2,Top,180,0603_0.1uF
C841,83.8,45.2,Top,270,0603_0.1uF
C842,85.6,45.2,Top,0,0603_0.1uF
C843,87.4,45.2,Top,180,0603_0.1uF
C844,89.2,45.2,Top,270,0603_0.1uF
C845,91.0,45.2,Top,180,0603_0.1uF
C846,92.8,45.2,Top,270,0603_0.1uF
C847,94.6,45.2,Top,0,0603_0.1uF
C848,96.4,45.2,Top,0,0603_0.1uF
C849,98.2,45.2,Top,90,0603_0.1uF
C850,10.0,47.4,Top,180,0603_0.1uF
C851,11.8,47.4,Top,90,0603_0.1uF
C852,13.6,47.4,Top,0,0603_0.1uF
C853,15.4,47.4,Top,270,0603_0.1uF
C854,17.2,47.4,Top,0,0603_0.1uF
C855,19.0,47.4,Top,0,0603_0.1uF
C856,20.8,47.4,Top,270,0603_0.1uF
C857,22.6,47.4,Top,90,0603_0.1uF
C858,24.4,47.4,Top,180,0603_0.1uF
C859,26.2,47.4,Top,0,0603_0.1uF
C860,28.0,47.4,Top,0,0603_0.1uF
C861,29.8,47.4,Top,180,0603_0.1uF
C862,31.6,47.4,Top,0,0603_0.1uF
C863,33.4,47.4,Top,180,0603_0.1uF
C864,35.2,47.4,Top,180,0603_0.1uF
C865,37.0,47.4,Top,180,0603_0.1uF
C866,38.8,47.4,Top,270,0603_0.1uF
C867,40.6,47.4,Top,90,0603_0.1uF
C868,42.4,47.4,Top,90,0603_0.1uF
C869,44.2,47.4,Top,270,0603_0.1uF
C870,46.0,47.4,Top,90,0603_0.1uF
C871,47.8,47.4,Top,90,0603_0.1uF
C872,49.6,47.4,Top,90,0603_0.1uF
C873,51.4,47.4,Top,0,0603_0.1uF
C874,53.2,47.4,Top,270,0603_0.1uF
C875,55.0,47.4,Top,90,0603_0.1uF
C876,56.8,47.4,Top,270,0603_0.1uF
C877,58.6,47.4,Top,90,0603_0.1uF
C878,60.4,47.4,Top,90,0603_0.1uF
C879,62.2,47.4,Top,270,0603_0.1uF
C880,64.0,47.4,Top,180,0603_0.1uF
C881,65.8,47.4,Top,270,0603_0.1uF
C882,67.6,47.4,Top,180,0603_0.1uF
C883,69.4,47.4,Top,0,0603_0.1uF
C884,71.2,47.4,Top,270,0603_0.1uF
C885,73.0,47.4,Top,180,0603_0.1uF
C886,74.8,47.4,Top,90,0603_0.1uF
C887,76.6,47.4,Top,0,0603_0.1uF
C888,78.4,47.4,Top,270,0603_0.1uF
C889,80.2,47.4,Top,180,0603_0.1uF
C890,82.0,47.4,Top,180,0603_0.1uF
C891,83.8,47.4,Top,270,0603_0.1uF
C892,85.6,47.4,Top,180,0603_0.1uF
C893,87.4,47.4,Top,270,0603_0.1uF
C894,89.2,47.4,Top,180,0603_0.1uF
C895,91.0,47.4,Top,90,0603_0.1uF
C896,92.8,47.4,Top,270,0603_0.1uF
C897,94.6,47.4,Top,270,0603_0.1uF
C898,96.4,47.4,Top,0,0603_0.1uF
C899,98.2,47.4,Top,90,0603_0.1uF
C900,10.0,49.6,Top,270,0603_0.1uF
C901,11.8,49.6,Top,180,0603_0.1uF
C902,13.6,49.6,Top,180,0603_0.1uF
C903,15.4,49.6,Top,180,0603_0.1uF
C904,17.2,49.6,Top,0,0603_0.1uF
C905,19.0,49.6,Top,270,0603_0.1uF
C906,20.8,49.6,Top,180,0603_0.1uF
C907,22.6,49.6,Top,0,0603_0.1uF
C908,24.4,49.6,Top,0,0603_0.1uF
C909,26.2,49.6,Top,270,0603_0.1uF
C910,28.0,49.6,Top,180,0603_0.1uF
C911,29.8,49.6,Top,90,0603_0.1uF
C912,31.6,49.6,Top,180,0603_0.1uF
C913,33.4,49.6,Top,90,0603_0.1uF
C914,35.2,49.6,Top,90,0603_0.1uF
C915,37.0,49.6,Top,180,0603_0.1uF
C916,38.8,49.6,Top,90,0603_0.1uF
C917,40.6,49.6,Top,0,0603_0.1uF
C918,42.4,49.6,Top,0,0603_0.1uF
C919,44.2,49.6,Top,180,0603_0.1uF
C920,46.0,49.6,Top,270,0603_0.1uF
C921,47.8,49.6,Top,0,0603_0.1uF
C922,49.6,49.6,Top,180,0603_0.1uF
C923,51.4,49.6,Top,90,0603_0.1uF
C924,53.2,49.6,Top,0,0603_0.1uF
C925,55.0,49.6,Top,180,0603_0.1uF
C926,56.8,49.6,Top,180,0603_0.1uF
C927,58.6,49.6,Top,270,0603_0.1uF
C928,60.4,49.6,Top,90,0603_0.1uF
C929,62.2,49.6,Top,90,0603_0.1uF
C930,64.0,49.6,Top,90,0603_0.1uF
C931,65.8,49.6,Top,180,0603_0.1uF
C932,67.6,49.6,Top,180,0603_0.1uF
C933,69.4,49.6,Top,90,0603_0.1uF
C934,71.2,49.6,Top,180,0603_0.1uF
C935,73.0,49.6,Top,270,0603_0.1uF
C936,74.8,49.6,Top,180,0603_0.1uF
C937,76.6,49.6,Top,180,0603_0.1uF
C938,78.4,49.6,Top,0,0603_0.1uF
C939,80.2,49.6,Top,270,0603_0.1uF
C940,82.0,49.6,Top,0,0603_0.1uF
C941,83.8,49.6,Top,90,0603_0.1uF
C942,85.6,49.6,Top,90,0603_0.1uF
C943,87.4,49.6,Top,270,0603_0.1uF
C944,89.2,49.6,Top,180,0603_0.1uF
C945,91.0,49.6,Top,0,0603_0.1uF
C946,92.8,49.6,Top,270,0603_0.1uF
C947,94.6,49.6,Top,0,0603_0.1uF
C948,96.4,49.6,Top,180,0603_0.1uF
C949,98.2,49.6,Top,0,0603_0.1uF
C950,10.0,51.8,Top,270,0603_0.1uF
C951,11.8,51.8,Top,180,0603_0.1uF
C952,13.6,51.8,Top,180,0603_0.1uF
C953,15.4,51.8,Top,270,0603_0.1uF
C954,17.2,51.8,Top,180,0603_0.1uF
C955,19.0,51.8,Top,0,0603_0.1uF
C956,20.8,51.8,Top,90,0603_0.1uF
C957,22.6,51.8,Top,270,0603_0.1uF
C958,24.4,51.8,Top,0,0603_0.1uF
C959,26.2,51.8,Top,180,0603_0.1uF
C960,28.0,51.8,Top,90,0603_0.1uF
C961,29.8,51.8,Top,0,0603_0.1uF
C962,31.6,51.8,Top,270,0603_0.1uF
C963,33.4,51.8,Top,180,0603_0.1uF
C964,35.2,51.8,Top,270,0603_0.1uF
C965,37.0,51.8,Top,0,0603_0.1uF
C966,38.8,51.8,Top,90,0603_0.1uF
C967,40.6,51.8,Top,0,0603_0.1uF
C968,42.4,51.8,Top,0,0603_0.1uF
C969,44.2,51.8,Top,180,0603_0.1uF
C970,46.0,51.8,Top,270,0603_0.1uF
C971,47.8,51.8,Top,0,0603_0.1uF
C972,49.6,51.8,Top,0,0603_0.1uF
C973,51.4,51.8,Top,90,0603_0.1uF
C974,53.2,51.8,Top,90,0603_0.1uF
C975,55.0,51.8,Top,270,0603_0.1uF
C976,56.8,51.8,Top,270,0603_0.1uF
C977,58.6,51.8,Top,180,0603_0.1uF
C978,60.4,51.8,Top,270,0603_0.1uF
C979,62.2,51.8,Top,90,0603_0.1uF
C980,64.0,51.8,Top,270,0603_0.1uF
C981,65.8,51.8,Top,0,0603_0.1uF
C982,67.6,51.8,Top,270,0603_0.1uF
C983,69.4,51.8,Top,270,0603_0.1uF
C984,71.2,51.8,Top,180,0603_0.1uF
C985,73.0,51.8,Top,0,0603_0.1uF
C986,74.8,51.8,Top,180,0603_0.1uF
C987,76.6,51.8,Top,90,0603_0.1uF
C988,78.4,51.8,Top,270,0603_0.1uF
C989,80.2,51.8,Top,270,0603_0.1uF
C990,82.0,51.8,Top,90,0603_0.1uF
C991,83.8,51.8,Top,180,0603_0.1uF
C992,85.6,51.8,Top,0,0603_0.1uF
C993,87.4,51.8,Top,180,0603_0.1uF
C994,89.2,51.8,Top,180,0603_0.1uF
C995,91.0,51.8,Top,0,0603_0.1uF
C996,92.8,51.8,Top,270,0603_0.1uF
C997,94.6,51.8,Top,180,0603_0.1uF
C998,96.4,51.8,Top,90,0603_0.1uF
C999,98.2,51.8,Top,0,0603_0.1uF
C1000,10.0,54.0,Top,270,0603_0.1uF
C1001,11.8,54.0,Top,0,0603_0.1uF
C1002,13.6,54.0,Top,90,0603_0.1uF
C1003,15.4,54.0,Top,0,0603_0.1uF
C1004,17.2,54.0,Top,0,0603_0.1uF
C1005,19.0,54.0,Top,180,0603_0.1uF
C1006,20.8,54.0,Top,90,0603_0.1uF
C1007,22.6,54.0,Top,90,0603_0.1uF
C1008,24.4,54.0,Top,90,0603_0.1uF
C1009,26.2,54.0,Top,0,0603_0.1uF
C1010,28.0,54.0,Top,90,0603_0.1uF
C1011,29.8,54.0,Top,90,0603_0.1uF
C1012,31.6,54.0,Top,90,0603_0.1uF
C1013,33.4,54.0,Top,180,0603_0.1uF
C1014,35.2,54.0,Top,90,0603_0.1uF
C1015,37.0,54.0,Top,0,0603_0.1uF
C1016,38.8,54.0,Top,180,0603_0.1uF
C1017,40.6,54.0,Top,90,0603_0.1uF
C1018,42.4,54.0,Top,90,0603_0.1uF
C1019,44.2,54.0,Top,180,0603_0.1uF
C1020,46.0,54.0,Top,90,0603_0.1uF
C1021,47.8,54.0,Top,0,0603_0.1uF
C1022,49.6,54.0,Top,0,0603_0.1uF
C1023,51.4,54.0,Top,90,0603_0.1uF
C1024,53.2,54.0,Top,0,0603_0.1uF
C1025,55.0,54.0,Top,180,0603_0.1uF
C1026,56.8,54.0,Top,90,0603_0.1uF
C1027,58.6,54.0,Top,180,0603_0.1uF
C1028,60.4,54.0,Top,0,0603_0.1uF
C1029,62.2,54.0,Top,90,0603_0.1uF
C1030,64.0,54.0,Top,180,0603_0.1uF
C1031,65.8,54.0,Top,0,0603_0.1uF
C1032,67.6,54.0,Top,90,0603_0.1uF
C1033,69.4,54.0,Top,270,0603_0.1uF
C1034,71.2,54.0,Top,0,0603_0.1uF
C1035,73.0,54.0,Top,0,0603_0.1uF
C1036,74.8,54.0,Top,270,0603_0.1uF
C1037,76.6,54.0,Top,270,0603_0.1uF
C1038,78.4,54.0,Top,180,0603_0.1uF
C1039,80.2,54.0,Top,0,0603_0.1uF
C1040,82.0,54.0,Top,270,0603_0.1uF
C1041,83.8,54.0,Top,90,0603_0.1uF
C1042,85.6,54.0,Top,0,0603_0.1uF
C1043,87.4,54.0,Top,180,0603_0.1uF
C1044,89.2,54.0,Top,270,0603_0.1uF
C1045,91.0,54.0,Top,0,0603_0.1uF
C1046,92.8,54.0,Top,0,0603_0.1uF
C1047,94.6,54.0,Top,270,0603_0.1uF
C1048,96.4,54.0,Top,270,0603_0.1uF
C1049,98.2,54.0,Top,270,0603_0.1uF
C1050,10.0,56.2,Top,0,0603_0.1uF
C1051,11.8,56.2,Top,270,0603_0.1uF
C1052,13.6,56.2,Top,270,0603_0.1uF
C1053,15.4,56.2,Top,0,0603_0.1uF
C1054,17.2,56.2,Top,0,0603_0.1uF
C1055,19.0,56.2,Top,180,0603_0.1uF
C1056,20.8,56.2,Top,90,0603_0.1uF
C1057,22.6,56.2,Top,0,0603_0.1uF
C1058,24.4,56.2,Top,90,0603_0.1uF
C1059,26.2,56.2,Top,180,0603_0.1uF
C1060,28.0,56.2,Top,180,0603_0.1uF
C1061,29.8,56.2,Top,270,0603_0.1uF
C1062,31.6,56.2,Top,180,0603_0.1uF
C1063,33.4,56.2,Top,270,0603_0.1uF
C1064,35.2,56.2,Top,270,0603_0.1uF
C1065,37.0,56.2,Top,0,0603_0.1uF
C1066,38.8,56.2,Top,0,0603_0.1uF
C1067,40.6,56.2,Top,90,0603_0.1uF
C1068,42.4,56.2,Top,270,0603_0.1uF
C1069,44.2,56.2,Top,270,0603_0.1uF
C1070,46.0,56.2,Top,90,0603_0.1uF
C1071,47.8,56.2,Top,270,0603_0.1uF
C1072,49.6,56.2,Top,180,0603_0.1uF
C1073,51.4,56.2,Top,270,0603_0.1uF
C1074,53.2,56.2,Top,270,0603_0.1uF
C1075,55.0,56.2,Top,270,0603_0.1uF
C1076,56.8,56.2,Top,0,0603_0.1uF
C1077,58.6,56.2,Top,180,0603_0.1uF
C1078,60.4,56.2,Top,270,0603_0.1uF
C1079,62.2,56.2,Top,180,0603_0.1uF
C1080,64.0,56.2,Top,180,0603_0.1uF
C1081,65.8,56.2,Top,180,0603_0.1uF
C1082,67.6,56.2,Top,90,0603_0.1uF
C1083,69.4,56.2,Top,270,0603_0.1uF
C1084,71.2,56.2,Top,0,0603_0.1uF
C1085,73.0,56.2,Top,0,0603_0.1uF
C1086,74.8,56.2,Top,0,0603_0.1uF
C1087,76.6,56.2,Top,0,0603_0.1uF
C1088,78.4,56.2,Top,270,0603_0.1uF
C1089,80.2,56.2,Top,0,0603_0.1uF
C1090,82.0,56.2,Top,180,0603_0.1uF
C1091,83.8,56.2,Top,90,0603_0.1uF
C1092,85.6,56.2,Top,0,0603_0.1uF
C1093,87.4,56.2,Top,180,0603_0.1uF
C1094,89.2,56.2,Top,0,0603_0.1uF
C1095,91.0,56.2,Top,270,0603_0.1uF
C1096,92.8,56.2,Top,180,0603_0.1uF
C1097,94.6,56.2,Top,270,0603_0.1uF
C1098,96.4,56.2,Top,0,0603_0.1uF
C1099,98.2,56.2,Top,180,0603_0.1uF
C1100,10.0,58.4,Top,180,0603_0.1uF
C1101,11.8,58.4,Top,180,0603_0.1uF
C1102,13.6,58.4,Top,0,0603_0.1uF
C1103,15.4,58.4,Top,90,0603_0.1uF
C1104,17.2,58.4,Top,90,0603_0.1uF
C1105,19.0,58.4,Top,270,0603_0.1uF
C1106,20.8,58.4,Top,90,0603_0.1uF
C1107,22.6,58.4,Top,0,0603_0.1uF
C1108,24.4,58.4,Top,180,0603_0.1uF
C1109,26.2,58.4,Top,180,0603_0.1uF
C1110,28.0,58.4,Top,0,0603_0.1uF
C1111,29.8,58.4,Top,180,0603_0.1uF
C1112,31.6,58.4,Top,90,0603_0.1uF
C1113,33.4,58.4,Top,270,0603_0.1uF
C1114,35.2,58.4,Top,0,0603_0.1uF
C1115,37.0,58.4,Top,180,0603_0.1uF
C1116,38.8,58.4,Top,0,0603_0.1uF
C1117,40.6,58.4,Top,90,0603_0.1uF
C1118,42.4,58.4,Top,180,0603_0.1uF
C1119,44.2,58.4,Top,180,0603_0.1uF
C1120,46.0,58.4,Top,180,0603_0.1uF
C1121,47.8,58.4,Top,180,0603_0.1uF
C1122,49.6,58.4,Top,0,0603_0.1uF
C1123,51.4,58.4,Top,90,0603_0.1uF
C1124,53.2,58.4,Top,90,0603_0.1uF
C1125,55.0,58.4,Top,270,0603_0.1uF
C1126,56.8,58.4,Top,0,0603_0.1uF
C1127,58.6,58.4,Top,90,0603_0.1uF
C1128,60.4,58.4,Top,0,0603_0.1uF
C1129,62.2,58.4,Top,0,0603_0.1uF
C1130,64.0,58.4,Top,90,0603_0.1uF
C1131,65.8,58.4,Top,270,0603_0.1uF
C1132,67.6,58.4,Top,270,0603_0.1uF
C1133,69.4,58.4,Top,270,0603_0.1uF
C1134,71.2,58.4,Top,180,0603_0.1uF
C1135,73.0,58.4,Top,90,0603_0.1uF
C1136,74.8,58.4,Top,180,0603_0.1uF
C1137,76.6,58.4,Top,180,0603_0.1uF
C1138,78.4,58.4,Top,180,0603_0.1uF
C1139,80.2,58.4,Top,0,0603_0.1uF
C1140,82.0,58.4,Top,0,0603_0.1uF
C1141,83.8,58.4,Top,90,0603_0.1uF
C1142,85.6,58.4,Top,90,0603_0.1uF
C1143,87.4,58.4,Top,0,0603_0.1uF
C1144,89.2,58.4,Top,0,0603_0.1uF
C1145,91.0,58.4,Top,180,0603_0.1uF
C1146,92.8,58.4,Top,270,0603_0.1uF
C1147,94.6,58.4,Top,270,0603_0.1uF
C1148,96.4,58.4,Top,270,0603_0.1uF
C1149,98.2,58.4,Top,270,0603_0.1uF
C1150,10.0,60.6,Top,270,0603_0.1uF
C1151,11.8,60.6,Top,180,0603_0.1uF
C1152,13.6,60.6,Top,90,0603_0.1uF
C1153,15.4,60.6,Top,0,0603_0.1uF
C1154,17.2,60.6,Top,180,0603_0.1uF
C1155,19.0,60.6,Top,270,0603_0.1uF
C1156,20.8,60.6,Top,0,0603_0.1uF
C1157,22.6,60.6,Top,180,0603_0.1uF
C1158,24.4,60.6,Top,270,0603_0.1uF
C1159,26.2,60.6,Top,180,0603_0.1uF
C1160,28.0,60.6,Top,0,0603_0.1uF
C1161,29.8,60.6,Top,90,0603_0.1uF
C1162,31.6,60.6,Top,270,0603_0.1uF
C1163,33.4,60.6,Top,0,0603_0.1uF
C1164,35.2,60.6,Top,0,0603_0.1uF
C1165,37.0,60.6,Top,90,0603_0.1uF
C1166,38.8,60.6,Top,180,0603_0.1uF
C1167,40.6,60.6,Top,90,0603_0.1uF
C1168,42.4,60.6,Top,90,0603_0.1uF
C1169,44.2,60.6,Top,180,0603_0.1uF
C1170,46.0,60.6,Top,180,0603_0.1uF
C1171,47.8,60.6,Top,180,0603_0.1uF
C1172,49.6,60.6,Top,0,0603_0.1uF
C1173,51.4,60.6,Top,0,0603_0.1uF
C1174,53.2,60.6,Top,270,0603_0.1uF
C1175,55.0,60.6,Top,270,0603_0.1uF
C1176,56.8,60.6,Top,90,0603_0.1uF
C1177,58.6,60.6,Top,90,0603_0.1uF
C1178,60.4,60.6,Top,270,0603_0.1uF
C1179,62.2,60.6,Top,90,0603_0.1uF
C1180,64.0,60.6,Top,180,0603_0.1uF
C1181,65.8,60.6,Top,0,0603_0.1uF
C1182,67.6,60.6,Top,270,0603_0.1uF
C1183,69.4,60.6,Top,0,0603_0.1uF
C1184,71.2,60.6,Top,270,0603_0.1uF
C1185,73.0,60.6,Top,0,0603_0.1uF
C1186,74.8,60.6,Top,270,0603_0.1uF
C1187,76.6,60.6,Top,0,0603_0.1uF
C1188,78.4,60.6,Top,180,0603_0.1uF
C1189,80.2,60.6,Top,270,0603_0.1uF
C1190,82.0,60.6,Top,270,0603_0.1uF
C1191,83.8,60.6,Top,270,0603_0.1uF
C1192,85.6,60.6,Top,180,0603_0.1uF
C1193,87.4,60.6,Top,0,0603_0.1uF
C1194,89.2,60.6,Top,270,0603_0.1uF
C1195,91.0,60.6,Top,0,0603_0.1uF
C1196,92.8,60.6,Top,180,0603_0.1uF
C1197,94.6,60.6,Top,90,0603_0.1uF
C1198,96.4,60.6,Top,270,0603_0.1uF
C1199,98.2,60.6,Top,180,0603_0.1uF
C1200,10.0,62.8,Top,0,0603_0.1uF
C1201,11.8,62.8,Top,270,0603_0.1uF
C1202,13.6,62.8,Top,0,0603_0.1uF
C1203,15.4,62.8,Top,90,0603_0.1uF
C1204,17.2,62.8,Top,270,0603_0.1uF
C1205,19.0,62.8,Top,270,0603_0.1uF
C1206,20.8,62.8,Top,0,0603_0.1uF
C1207,22.6,62.8,Top,270,0603_0.1uF
C1208,24.4,62.8,Top,180,0603_0.1uF
C1209,26.2,62.8,Top,180,0603_0.1uF
C1210,28.0,62.8,Top,90,0603_0.1uF
C1211,29.8,62.8,Top,180,0603_0.1uF
C1212,31.6,62.8,Top,90,0603_0.1uF
C1213,33.4,62.8,Top,0,0603_0.1uF
C1214,35.2,62.8,Top,0,0603_0.1uF
C1215,37.0,62.8,Top,90,0603_0.1uF
C1216,38.8,62.8,Top,180,0603_0.1uF
C1217,40.6,62.8,Top,180,0603_0.1uF
C1218,42.4,62.8,Top,90,0603_0.1uF
C1219,44.2,62.8,Top,90,0603_0.1uF
C1220,46.0,62.8,Top,0,0603_0.1uF
C1221,47.8,62.8,Top,90,0603_0.1uF
C1222,49.6,62.8,Top,180,0603_0.1uF
C1223,51.4,62.8,Top,90,0603_0.1uF
C1224,53.2,62.8,Top,90,0603_0.1uF
C1225,55.0,62.8,Top,90,0603_0.1uF
C1226,56.8,62.8,Top,0,0603_0.1uF
C1227,58.6,62.8,Top,90,0603_0.1uF
C1228,60.4,62.8,Top,270,0603_0.1uF
C1229,62.2,62.8,Top,270,0603_0.1uF
C1230,64.0,62.8,Top,270,0603_0.1uF
C1231,65.8,62.8,Top,180,0603_0.1uF
C1232,67.6,62.8,Top,180,0603_0.1uF
C1233,69.4,62.8,Top,90,0603_0.1uF
C1234,71.2,62.8,Top,270,0603_0.1uF
C1235,73.0,62.8,Top,0,0603_0.1uF
C1236,74.8,62.8,Top,270,0603_0.1uF
C1237,76.6,62.8,Top,270,0603_0.1uF
C1238,78.4,62.8,Top,180,0603_0.1uF
C1239,80.2,62.8,Top,180,0603_0.1uF
C1240,82.0,62.8,Top,0,0603_0.1uF
C1241,83.8,62.8,Top,180,0603_0.1uF
C1242,85.6,62.8,Top,0,0603_0.1uF
C1243,87.4,62.8,Top,180,0603_0.1uF
C1244,89.2,62.8,Top,270,0603_0.1uF
C1245,91.0,62.8,Top,270,0603_0.1uF
C1246,92.8,62.8,Top,0,0603_0.1uF
C1247,94.6,62.8,Top,0,0603_0.1uF
C1248,96.4,62.8,Top,180,0603_0.1uF
C1249,98.2,62.8,Top,180,0603_0.1uF
C1250,10.0,65.0,Top,0,0603_0.1uF
C1251,11.8,65.0,Top,0,0603_0.1uF
C1252,13.6,65.0,Top,270,0603_0.1uF
C1253,15.4,65.0,Top,270,0603_0.1uF
C1254,17.2,65.0,Top,0,0603_0.1uF
C1255,19.0,65.0,Top,270,0603_0.1uF
C1256,20.8,65.0,Top,90,0603_0.1uF
C1257,22.6,65.0,Top,180,0603_0.1uF
C1258,24.4,65.0,Top,270,0603_0.1uF
C1259,26.2,65.0,Top,90,0603_0.1uF
C1260,28.0,65.0,Top,0,0603_0.1uF
C1261,29.8,65.0,Top,270,0603_0.1uF
C1262,31.6,65.0,Top,0,0603_0.1uF
C1263,33.4,65.0,Top,180,0603_0.1uF
C1264,35.2,65.0,Top,0,0603_0.1uF
C1265,37.0,65.0,Top,90,0603_0.1uF
C1266,38.8,65.0,Top,0,0603_0.1uF
C1267,40.6,65.0,Top,90,0603_0.1uF
C1268,42.4,65.0,Top,270,0603_0.1uF
C1269,44.2,65.0,Top,270,0603_0.1uF
C1270,46.0,65.0,Top,90,0603_0.1uF
C1271,47.8,65.0,Top,180,0603_0.1uF
C1272,49.6,65.0,Top,180,0603_0.1uF
C1273,51.4,65.0,Top,180,0603_0.1uF
C1274,53.2,65.0,Top,270,0603_0.1uF
C1275,55.0,65.0,Top,270,0603_0.1uF
C1276,56.8,65.0,Top,180,0603_0.1uF
C1277,58.6,65.0,Top,0,0603_0.1uF
C1278,60.4,65.0,Top,180,0603_0.1uF
C1279,62.2,65.0,Top,0,0603_0.1uF
C1280,64.0,65.0,Top,180,0603_0.1uF
C1281,65.8,65.0,Top,0,0603_0.1uF
C1282,67.6,65.0,Top,270,0603_0.1uF
C1283,69.4,65.0,Top,180,0603_0.1uF
C1284,71.2,65.0,Top,180,0603_0.1uF
C1285,73.0,65.0,Top,90,0603_0.1uF
C1286,74.8,65.0,Top,180,0603_0.1uF
C1287,76.6,65.0,Top,0,0603_0.1uF
C1288,78.4,65.0,Top,90,0603_0.1uF
C1289,80.2,65.0,Top,180,0603_0.1uF
C1290,82.0,65.0,Top,180,0603_0.1uF
C1291,83.8,65.0,Top,270,0603_0.1uF
C1292,85.6,65.0,Top,90,0603_0.1uF
C1293,87.4,65.0,Top,0,0603_0.1uF
C1294,89.2,65.0,Top,180,0603_0.1uF
C1295,91.0,65.0,Top,270,0603_0.1uF
C1296,92.8,65.0,Top,180,0603_0.1uF
C1297,94.6,65.0,Top,90,0603_0.1uF
C1298,96.4,65.0,Top,0,0603_0.1uF
C1299,98.2,65.0,Top,270,0603_0.1uF
C1300,10.0,67.2,Top,180,0603_0.1uF
C1301,11.8,67.2,Top,0,0603_0.1uF
C1302,13.6,67.2,Top,180,0603_0.1uF
C1303,15.4,67.2,Top,180,0603_0.1uF
C1304,17.2,67.2,Top,90,0603_0.1uF
C1305,19.0,67.2,Top,90,0603_0.1uF
C1306,20.8,67.2,Top,180,0603_0.1uF
C1307,22.6,67.2,Top,270,0603_0.1uF
C1308,24.4,67.2,Top,90,0603_0.1uF
C1309,26.2,67.2,Top,90,0603_0.1uF
C1310,28.0,67.2,Top,90,0603_0.1uF
C1311,29.8,67.2,Top,90,0603_0.1uF
C1312,31.6,67.2,Top,0,0603_0.1uF
C1313,33.4,67.2,Top,180,0603_0.1uF
C1314,35.2,67.2,Top,0,0603_0.1uF
C1315,37.0,67.2,Top,0,0603_0.1uF
C1316,38.8,67.2,Top,180,0603_0.1uF
C1317,40.6,67.2,Top,90,0603_0.1uF
C1318,42.4,67.2,Top,270,0603_0.1uF
C1319,44.2,67.2,Top,90,0603_0.1uF
C1320,46.0,67.2,Top,90,0603_0.1uF
C1321,47.8,67.2,Top,90,0603_0.1uF
C1322,49.6,67.2,Top,90,0603_0.1uF
C1323,51.4,67.2,Top,270,0603_0.1uF
C1324,53.2,67.2,Top,0,0603_0.1uF
C1325,55.0,67.2,Top,270,0603_0.1uF
C1326,56.8,67.2,Top,180,0603_0.1uF
C1327,58.6,67.2,Top,90,0603_0.1uF
C1328,60.4,67.2,Top,270,0603_0.1uF
C1329,62.2,67.2,Top,180,0603_0.1uF
C1330,64.0,67.2,Top,270,0603_0.1uF
C1331,65.8,67.2,Top,90,0603_0.1uF
C1332,67.6,67.2,Top,90,0603_0.1uF
C1333,69.4,67.2,Top,180,0603_0.1uF
C1334,71.2,67.2,Top,270,0603_0.1uF
C1335,73.0,67.2,Top,90,0603_0.1uF
C1336,74.8,67.2,Top,180,0603_0.1uF
C1337,76.6,67.2,Top,270,0603_0.1uF
C1338,78.4,67.2,Top,270,0603_0.1uF
C1339,80.2,67.2,Top,180,0603_0.1uF
C1340,82.0,67.2,Top,270,0603_0.1uF
C1341,83.8,67.2,Top,270,0603_0.1uF
C1342,85.6,67.2,Top,90,0603_0.1uF
C1343,87.4,67.2,Top,90,0603_0.1uF
C1344,89.2,67.2,Top,90,0603_0.1uF
C1345,91.0,67.2,Top,180,0603_0.1uF
C1346,92.8,67.2,Top,0,0603_0.1uF
C1347,94.6,67.2,Top,270,0603_0.1uF
C1348,96.4,67.2,Top,180,0603_0.1uF
C1349,98.2,67.2,Top,0,0603_0.1uF
C1350,10.0,69.4,Top,0,0603_0.1uF
C1351,11.8,69.4,Top,180,0603_0.1uF
C1352,13.6,69.4,Top,0,0603_0.1uF
C1353,15.4,69.4,Top,90,0603_0.1uF
C1354,17.2,69.4,Top,180,0603_0.1uF
C1355,19.0,69.4,Top,270,0603_0.1uF
C1356,20.8,69.4,Top,90,0603_0.1uF
C1357,22.6,69.4,Top,270,0603_0.1uF
C1358,24.4,69.4,Top,0,0603_0.1uF
C1359,26.2,69.4,Top,90,0603_0.1uF
C1360,28.0,69.4,Top,270,0603_0.1uF
C1361,29.8,69.4,Top,180,0603_0.1uF
C1362,31.6,69.4,Top,0,0603_0.1uF
C1363,33.4,69.4,Top,270,0603_0.1uF
C1364,35.2,69.4,Top,0,0603_0.1uF
C1365,37.0,69.4,Top,270,0603_0.1uF
C1366,38.8,69.4,Top,180,0603_0.1uF
C1367,40.6,69.4,Top,90,0603_0.1uF
C1368,42.4,69.4,Top,270,0603_0.1uF
C1369,44.2,69.4,Top,0,0603_0.1uF
C1370,46.0,69.4,Top,180,0603_0.1uF
C1371,47.8,69.4,Top,90,0603_0.1uF
C1372,49.6,69.4,Top,0,0603_0.1uF
C1373,51.4,69.4,Top,180,0603_0.1uF
C1374,53.2,69.4,Top,0,0603_0.1uF
C1375,55.0,69.4,Top,180,0603_0.1uF
C1376,56.8,69.4,Top,90,0603_0.1uF
C1377,58.6,69.4,Top,90,0603_0.1uF
C1378,60.4,69.4,Top,0,0603_0.1uF
C1379,62.2,69.4,Top,180,0603_0.1uF
C1380,64.0,69.4,Top,270,0603_0.1uF
C1381,65.8,69.4,Top,90,0603_0.1uF
C1382,67.6,69.4,Top,270,0603_0.1uF
C1383,69.4,69.4,Top,270,0603_0.1uF
C1384,71.2,69.4,Top,0,0603_0.1uF
C1385,73.0,69.4,Top,0,0603_0.1uF
C1386,74.8,69.4,Top,0,0603_0.1uF
C1387,76.6,69.4,Top,180,0603_0.1uF
C1388,78.4,69.4,Top,90,0603_0.1uF
C1389,80.2,69.4,Top,90,0603_0.1uF
C1390,82.0,69.4,Top,270,0603_0.1uF
C1391,83.8,69.4,Top,0,0603_0.1uF
C1392,85.6,69.4,Top,180,0603_0.1uF
C1393,87.4,69.4,Top,90,0603_0.1uF
C1394,89.2,69.4,Top,180,0603_0.1uF
C1395,91.0,69.4,Top,0,0603_0.1uF
C1396,92.8,69.4,Top,0,0603_0.1uF
C1397,94.6,69.4,Top,90,0603_0.1uF
C1398,96.4,69.4,Top,270,0603_0.1uF
C1399,98.2,69.4,Top,270,0603_0.1uF
C1400,10.0,71.6,Top,0,0603_0.1uF
C1401,11.8,71.6,Top,0,0603_0.1uF
C1402,13.6,71.6,Top,270,0603_0.1uF
C1403,15.4,71.6,Top,0,0603_0.1uF
C1404,17.2,71.6,Top,90,0603_0.1uF
C1405,19.0,71.6,Top,90,0603_0.1uF
C1406,20.8,71.6,Top,180,0603_0.1uF
C1407,22.6,71.6,Top,270,0603_0.1uF
C1408,24.4,71.6,Top,0,0603_0.1uF
C1409,26.2,71.6,Top,180,0603_0.1uF
C1410,28.0,71.6,Top,90,0603_0.1uF
C1411,29.8,71.6,Top,270,0603_0.1uF
C1412,31.6,71.6,Top,90,0603_0.1uF
C1413,33.4,71.6,Top,0,0603_0.1uF
C1414,35.2,71.6,Top,180,0603_0.1uF
C1415,37.0,71.6,Top,0,0603_0.1uF
C1416,38.8,71.6,Top,0,0603_0.1uF
C1417,40.6,71.6,Top,270,0603_0.1uF
C1418,42.4,71.6,Top,270,0603_0.1uF
C1419,44.2,71.6,Top,0,0603_0.1uF
C1420,46.0,71.6,Top,270,0603_0.1uF
C1421,47.8,71.6,Top,180,0603_0.1uF
C1422,49.6,71.6,Top,180,0603_0.1uF
C1423,51.4,71.6,Top,0,0603_0.1uF
C1424,53.2,71.6,Top,180,0603_0.1uF
C1425,55.0,71.6,Top,0,0603_0.1uF
C1426,56.8,71.6,Top,180,0603_0.1uF
C1427,58.6,71.6,Top,90,0603_0.1uF
C1428,60.4,71.6,Top,0,0603_0.1uF
C1429,62.2,71.6,Top,180,0603_0.1uF
C1430,64.0,71.6,Top,90,0603_0.1uF
C1431,65.8,71.6,Top,0,0603_0.1uF
C1432,67.6,71.6,Top,180,0603_0.1uF
C1433,69.4,71.6,Top,180,0603_0.1uF
C1434,71.2,71.6,Top,90,0603_0.1uF
C1435,73.0,71.6,Top,270,0603_0.1uF
C1436,74.8,71.6,Top,270,0603_0.1uF
C1437,76.6,71.6,Top,90,0603_0.1uF
C1438,78.4,71.6,Top,90,0603_0.1uF
C1439,80.2,71.6,Top,0,0603_0.1uF
C1440,82.0,71.6,Top,270,0603_0.1uF
C1441,83.8,71.6,Top,0,0603_0.1uF
C1442,85.6,71.6,Top,180,0603_0.1uF
C1443,87.4,71.6,Top,90,0603_0.1uF
C1444,89.2,71.6,Top,0,0603_0.1uF
C1445,91.0,71.6,Top,90,0603_0.1uF
C1446,92.8,71.6,Top,0,0603_0.1uF
C1447,94.6,71.6,Top,180,0603_0.1uF
C1448,96.4,71.6,Top,180,0603_0.1uF
C1449,98.2,71.6,Top,270,0603_0.1uF
C1450,10.0,73.8,Top,270,0603_0.1uF
C1451,11.8,73.8,Top,180,0603_0.1uF
C1452,13.6,73.8,Top,0,0603_0.1uF
C1453,15.4,73.8,Top,90,0603_0.1uF
C1454,17.2,73.8,Top,180,0603_0.1uF
C1455,19.0,73.8,Top,180,0603_0.1uF
C1456,20.8,73.8,Top,0,0603_0.1uF
C1457,22.6,73.8,Top,180,0603_0.1uF
C1458,24.4,73.8,Top,180,0603_0.1uF
C1459,26.2,73.8,Top,0,0603_0.1uF
C1460,28.0,73.8,Top,180,0603_0.1uF
C1461,29.8,73.8,Top,270,0603_0.1uF
C1462,31.6,73.8,Top,270,0603_0.1uF
C1463,33.4,73.8,Top,270,0603_0.1uF
C1464,35.2,73.8,Top,270,0603_0.1uF
C1465,37.0,73.8,Top,180,0603_0.1uF
C1466,38.8,73.8,Top,90,0603_0.1uF
C1467,40.6,73.8,Top,270,0603_0.1uF
C1468,42.4,73.8,Top,270,0603_0.1uF
C1469,44.2,73.8,Top,180,0603_0.1uF
C1470,46.0,73.8,Top,180,0603_0.1uF
C1471,47.8,73.8,Top,0,0603_0.1uF
C1472,49.6,73.8,Top,270,0603_0.1uF
C1473,51.4,73.8,Top,0,0603_0.1uF
C1474,53.2,73.8,Top,270,0603_0.1uF
C1475,55.0,73.8,Top,90,0603_0.1uF
C1476,56.8,73.8,Top,180,0603_0.1uF
C1477,58.6,73.8,Top,180,0603_0.1uF
C1478,60.4,73.8,Top,0,0603_0.1uF
C1479,62.2,73.8,Top,0,0603_0.1uF
C1480,64.0,73.8,Top,180,0603_0.1uF
C1481,65.8,73.8,Top,180,0603_0.1uF
C1482,67.6,73.8,Top,180,0603_0.1uF
C1483,69.4,73.8,Top,270,0603_0.1uF
C1484,71.2,73.8,Top,270,0603_0.1uF
C1485,73.0,73.8,Top,90,0603_0.1uF
C1486,74.8,73.8,Top,270,0603_0.1uF
C1487,76.6,73.8,Top,180,0603_0.1uF
C1488,78.4,73.8,Top,270,0603_0.1uF
C1489,80.2,73.8,Top,0,0603_0.1uF
C1490,82.0,73.8,Top,180,0603_0.1uF
C1491,83.8,73.8,Top,270,0603_0.1uF
C1492,85.6,73.8,Top,180,0603_0.1uF
C1493,87.4,73.8,Top,0,0603_0.1uF
C1494,89.2,73.8,Top,0,0603_0.1uF
C1495,91.0,73.8,Top,270,0603_0.1uF
C1496,92.8,73.8,Top,180,0603_0.1uF
C1497,94.6,73.8,Top,90,0603_0.1uF
C1498,96.4,73.8,Top,0,0603_0.1uF
C1499,98.2,73.8,Top,90,0603_0.1uF
C1500,10.0,76.0,Top,270,0603_0.1uF
C1501,11.8,76.0,Top,0,0603_0.1uF
C1502,13.6,76.0,Top,90,0603_0.1uF
C1503,15.4,76.0,Top,0,0603_0.1uF
C1504,17.2,76.0,Top,90,0603_0.1uF
C1505,19.0,76.0,Top,180,0603_0.1uF
C1506,20.8,76.0,Top,180,0603_0.1uF
C1507,22.6,76.0,Top,270,0603_0.1uF
C1508,24.4,76.0,Top,0,0603_0.1uF
C1509,26.2,76.0,Top,90,0603_0.1uF
C1510,28.0,76.0,Top,270,0603_0.1uF
C1511,29.8,76.0,Top,180,0603_0.1uF
C1512,31.6,76.0,Top,180,0603_0.1uF
C1513,33.4,76.0,Top,270,0603_0.1uF
C1514,35.2,76.0,Top,0,0603_0.1uF
C1515,37.0,76.0,Top,90,0603_0.1uF
C1516,38.8,76.0,Top,180,0603_0.1uF
C1517,40.6,76.0,Top,270,0603_0.1uF
C1518,42.4,76.0,Top,180,0603_0.1uF
C1519,44.2,76.0,Top,180,0603_0.1uF
C1520,46.0,76.0,Top,90,0603_0.1uF
C1521,47.8,76.0,Top,0,0603_0.1uF
C1522,49.6,76.0,Top,0,0603_0.1uF
C1523,51.4,76.0,Top,90,0603_0.1uF
C1524,53.2,76.0,Top,270,0603_0.1uF
C1525,55.0,76.0,Top,270,0603_0.1uF
C1526,56.8,76.0,Top,0,0603_0.1uF
C1527,58.6,76.0,Top,180,0603_0.1uF
C1528,60.4,76.0,Top,180,0603_0.1uF
C1529,62.2,76.0,Top,270,0603_0.1uF
C1530,64.0,76.0,Top,90,0603_0.1uF
C1531,65.8,76.0,Top,180,0603_0.1uF
C1532,67.6,76.0,Top,270,0603_0.1uF
C1533,69.4,76.0,Top,90,0603_0.1uF
C1534,71.2,76.0,Top,0,0603_0.1uF
C1535,73.0,76.0,Top,90,0603_0.1uF
C1536,74.8,76.0,Top,0,0603_0.1uF
C1537,76.6,76.0,Top,270,0603_0.1uF
C1538,78.4,76.0,Top,90,0603_0.1uF
C1539,80.2,76.0,Top,270,0603_0.1uF
C1540,82.0,76.0,Top,0,0603_0.1uF
C1541,83.8,76.0,Top,180,0603_0.1uF
C1542,85.6,76.0,Top,180,0603_0.1uF
C1543,87.4,76.0,Top,0,0603_0.1uF
C1544,89.2,76.0,Top,180,0603_0.1uF
C1545,91.0,76.0,Top,180,0603_0.1uF
C1546,92.8,76.0,Top,90,0603_0.1uF
C1547,94.6,76.0,Top,90,0603_0.1uF
C1548,96.4,76.0,Top,180,0603_0.1uF
C1549,98.2,76.0,Top,90,0603_0.1uF
C1550,10.0,78.2,Top,0,0603_0.1uF
C1551,11.8,78.2,Top,90,0603_0.1uF
C1552,13.6,78.2,Top,90,0603_0.1uF
C1553,15.4,78.2,Top,90,0603_0.1uF
C1554,17.2,78.2,Top,270,0603_0.1uF
C1555,19.0,78.2,Top,0,0603_0.1uF
C1556,20.8,78.2,Top,180,0603_0.1uF
C1557,22.6,78.2,Top,180,0603_0.1uF
C1558,24.4,78.2,Top,270,0603_0.1uF
C1559,26.2,78.2,Top,90,0603_0.1uF
C1560,28.0,78.2,Top,0,0603_0.1uF
C1561,29.8,78.2,Top,0,0603_0.1uF
C1562,31.6,78.2,Top,180,0603_0.1uF
C1563,33.4,78.2,Top,270,0603_0.1uF
C1564,35.2,78.2,Top,270,0603_0.1uF
C1565,37.0,78.2,Top,270,0603_0.1uF
C1566,38.8,78.2,Top,270,0603_0.1uF
C1567,40.6,78.2,Top,0,0603_0.1uF
C1568,42.4,78.2,Top,90,0603_0.1uF
C1569,44.2,78.2,Top,180,0603_0.1uF
C1570,46.0,78.2,Top,0,0603_0.1uF
C1571,47.8,78.2,Top,270,0603_0.1uF
C1572,49.6,78.2,Top,270,0603_0.1uF
C1573,51.4,78.2,Top,180,0603_0.1uF
C1574,53.2,78.2,Top,90,0603_0.1uF
C1575,55.0,78.2,Top,90,0603_0.1uF
C1576,56.8,78.2,Top,90,0603_0.1uF
C1577,58.6,78.2,Top,270,0603_0.1uF
C1578,60.4,78.2,Top,0,0603_0.1uF
C1579,62.2,78.2,Top,0,0603_0.1uF
C1580,64.0,78.2,Top,90,0603_0.1uF
C1581,65.8,78.2,Top,180,0603_0.1uF
C1582,67.6,78.2,Top,90,0603_0.1uF
C1583,69.4,78.2,Top,90,0603_0.1uF
C1584,71.2,78.2,Top,180,0603_0.1uF
C1585,73.0,78.2,Top,90,0603_0.1uF
C1586,74.8,78.2,Top,180,0603_0.1uF
C1587,76.6,78.2,Top,180,0603_0.1uF
C1588,78.4,78.2,Top,0,0603_0.1uF
C1589,80.2,78.2,Top,180,0603_0.1uF
C1590,82.0,78.2,Top,90,0603_0.1uF
C1591,83.8,78.2,Top,180,0603_0.1uF
C1592,85.6,78.2,Top,90,0603_0.1uF
C1593,87.4,78.2,Top,180,0603_0.1uF
C1594,89.2,78.2,Top,0,0603_0.1uF
C1595,91.0,78.2,Top,90,0603_0.1uF
C1596,92.8,78.2,Top,90,0603_0.1uF
C1597,94.6,78.2,Top,90,0603_0.1uF
C1598,96.4,78.2,Top,180,0603_0.1uF
C1599,98.2,78.2,Top,0,0603_0.1uF
C1600,10.0,80.4,Top,0,0603_0.1uF
C1601,11.8,80.4,Top,0,0603_0.1uF
C1602,13.6,80.4,Top,0,0603_0.1uF
C1603,15.4,80.4,Top,180,0603_0.1uF
C1604,17.2,80.4,Top,90,0603_0.1uF
C1605,19.0,80.4,Top,270,0603_0.1uF
C1606,20.8,80.4,Top,0,0603_0.1uF
C1607,22.6,80.4,Top,270,0603_0.1uF
C1608,24.4,80.4,Top,180,0603_0.1uF
C1609,26.2,80.4,Top,180,0603_0.1uF
C1610,28.0,80.4,Top,270,0603_0.1uF
C1611,29.8,80.4,Top,90,0603_0.1uF
C1612,31.6,80.4,Top,270,0603_0.1uF
C1613,33.4,80.4,Top,180,0603_0.1uF
C1614,35.2,80.4,Top,270,0603_0.1uF
C1615,37.0,80.4,Top,0,0603_0.1uF
C1616,38.8,80.4,Top,0,0603_0.1uF
C1617,40.6,80.4,Top,90,0603_0.1uF
C1618,42.4,80.4,Top,270,0603_0.1uF
C1619,44.2,80.4,Top,270,0603_0.1uF
C1620,46.0,80.4,Top,270,0603_0.1uF
C1621,47.8,80.4,Top,270,0603_0.1uF
C1622,49.6,80.4,Top,90,0603_0.1uF
C1623,51.4,80.4,Top,180,0603_0.1uF
C1624,53.2,80.4,Top,90,0603_0.1uF
C1625,55.0,80.4,Top,180,0603_0.1uF
C1626,56.8,80.4,Top,180,0603_0.1uF
C1627,58.6,80.4,Top,180,0603_0.1uF
C1628,60.4,80.4,Top,270,0603_0.1uF
C1629,62.2,80.4,Top,90,0603_0.1uF
C1630,64.0,80.4,Top,180,0603_0.1uF
C1631,65.8,80.4,Top,0,0603_0.1uF
C1632,67.6,80.4,Top,180,0603_0.1uF
C1633,69.4,80.4,Top,90,0603_0.1uF
C1634,71.2,80.4,Top,270,0603_0.1uF
C1635,73.0,80.4,Top,0,0603_0.1uF
C1636,74.8,80.4,Top,180,0603_0.1uF
C1637,76.6,80.4,Top,270,0603_0.1uF
C1638,78.4,80.4,Top,90,0603_0.1uF
C1639,80.2,80.4,Top,90,0603_0.1uF
C1640,82.0,80.4,Top,0,0603_0.1uF
C1641,83.8,80.4,Top,0,0603_0.1uF
C1642,85.6,80.4,Top,180,0603_0.1uF
C1643,87.4,80.4,Top,270,0603_0.1uF
C1644,89.2,80.4,Top,270,0603_0.1uF
C1645,91.0,80.4,Top,90,0603_0.1uF
C1646,92.8,80.4,Top,90,0603_0.1uF
C1647,94.6,80.4,Top,180,0603_0.1uF
C1648,96.4,80.4,Top,180,0603_0.1uF
C1649,98.2,80.4,Top,90,0603_0.1uF
C1650,10.0,82.6,Top,90,0603_0.1uF
C1651,11.8,82.6,Top,270,0603_0.1uF
C1652,13.6,82.6,Top,270,0603_0.1uF
C1653,15.4,82.6,Top,270,0603_0.1uF
C1654,17.2,82.6,Top,180,0603_0.1uF
C1655,19.0,82.6,Top,270,0603_0.1uF
C1656,20.8,82.6,Top,0,0603_0.1uF
C1657,22.6,82.6,Top,0,0603_0.1uF
C1658,24.4,82.6,Top,270,0603_0.1uF
C1659,26.2,82.6,Top,270,0603_0.1uF
C1660,28.0,82.6,Top,90,0603_0.1uF
C1661,29.8,82.6,Top,90,0603_0.1uF
C1662,31.6,82.6,Top,180,0603_0.1uF
C1663,33.4,82.6,Top,0,0603_0.1uF
C1664,35.2,82.6,Top,0,0603_0.1uF
C1665,37.0,82.6,Top,180,0603_0.1uF
C1666,38.8,82.6,Top,270,0603_0.1uF
C1667,40.6,82.6,Top,270,0603_0.1uF
C1668,42.4,82.6,Top,180,0603_0.1uF
C1669,44.2,82.6,Top,0,0603_0.1uF
C1670,46.0,82.6,Top,0,0603_0.1uF
C1671,47.8,82.6,Top,270,0603_0.1uF
C1672,49.6,82.6,Top,90,0603_0.1uF
C1673,51.4,82.6,Top,180,0603_0.1uF
C1674,53.2,82.6,Top,180,0603_0.1uF
C1675,55.0,82.6,Top,270,0603_0.1uF
C1676,56.8,82.6,Top,180,0603_0.1uF
C1677,58.6,82.6,Top,0,0603_0.1uF
C1678,60.4,82.6,Top,270,0603_0.1uF
C1679,62.2,82.6,Top,0,0603_0.1uF
C1680,64.0,82.6,Top,90,0603_0.1uF
C1681,65.8,82.6,Top,180,0603_0.1uF
C1682,67.6,82.6,Top,180,0603_0.1uF
C1683,69.4,82.6,Top,0,0603_0.1uF
C1684,71.2,82.6,Top,270,0603_0.1uF
C1685,73.0,82.6,Top,270,0603_0.1uF
C1686,74.8,82.6,Top,180,0603_0.1uF
C1687,76.6,82.6,Top,0,0603_0.1uF
C1688,78.4,82.6,Top,90,0603_0.1uF
C1689,80.2,82.6,Top,0,0603_0.1uF
C1690,82.0,82.6,Top,270,0603_0.1uF
C1691,83.8,82.6,Top,180,0603_0.1uF
C1692,85.6,82.6,Top,180,0603_0.1uF
C1693,87.4,82.6,Top,180,0603_0.1uF
C1694,89.2,82.6,Top,90,0603_0.1uF
C1695,91.0,82.6,Top,90,0603_0.1uF
C1696,92.8,82.6,Top,270,0603_0.1uF
C1697,94.6,82.6,Top,0,0603_0.1uF
C1698,96.4,82.6,Top,0,0603_0.1uF
C1699,98.2,82.6,Top,0,0603_0.1uF
C1700,10.0,84.8,Top,90,0603_0.1uF
C1701,11.8,84.8,Top,180,0603_0.1uF
C1702,13.6,84.8,Top,270,0603_0.1uF
C1703,15.4,84.8,Top,270,0603_0.1uF
C1704,17.2,84.8,Top,90,0603_0.1uF
C1705,19.0,84.8,Top,90,0603_0.1uF
C1706,20.8,84.8,Top,180,0603_0.1uF
C1707,22.6,84.8,Top,180,0603_0.1uF
C1708,24.4,84.8,Top,90,0603_0.1uF
C1709,26.2,84.8,Top,270,0603_0.1uF
C1710,28.0,84.8,Top,180,0603_0.1uF
C1711,29.8,84.8,Top,180,0603_0.1uF
C1712,31.6,84.8,Top,270,0603_0.1uF
C1713,33.4,84.8,Top,180,0603_0.1uF
C1714,35.2,84.8,Top,270,0603_0.1uF
C1715,37.0,84.8,Top,0,0603_0.1uF
C1716,38.8,84.8,Top,180,0603_0.1uF
C1717,40.6,84.8,Top,180,0603_0.1uF
C1718,42.4,84.8,Top,0,0603_0.1uF
C1719,44.2,84.8,Top,270,0603_0.1uF
C1720,46.0,84.8,Top,180,0603_0.1uF
C1721,47.8,84.8,Top,0,0603_0.1uF
C1722,49.6,84.8,Top,270,0603_0.1uF
C1723,51.4,84.8,Top,180,0603_0.1uF
C1724,53.2,84.8,Top,90,0603_0.1uF
C1725,55.0,84.8,Top,0,0603_0.1uF
C1726,56.8,84.8,Top,270,0603_0.1uF
C1727,58.6,84.8,Top,90,0603_0.1uF
C1728,60.4,84.8,Top,270,0603_0.1uF
C1729,62.2,84.8,Top,90,0603_0.1uF
C1730,64.0,84.8,Top,90,0603_0.1uF
C1731,65.8,84.8,Top,0,0603_0.1uF
C1732,67.6,84.8,Top,0,0603_0.1uF
C1733,69.4,84.8,Top,90,0603_0.1uF
C1734,71.2,84.8,Top,0,0603_0.1uF
C1735,73.0,84.8,Top,270,0603_0.1uF
C1736,74.8,84.8,Top,180,0603_0.1uF
C1737,76.6,84.8,Top,270,0603_0.1uF
C1738,78.4,84.8,Top,90,0603_0.1uF
C1739,80.2,84.8,Top,270,0603_0.1uF
C1740,82.0,84.8,Top,90,0603_0.1uF
C1741,83.8,84.8,Top,270,0603_0.1uF
C1742,85.6,84.8,Top,270,0603_0.1uF
C1743,87.4,84.8,Top,0,0603_0.1uF
C1744,89.2,84.8,Top,90,0603_0.1uF
C1745,91.0,84.8,Top,90,0603_0.1uF
C1746,92.8,84.8,Top,180,0603_0.1uF
C1747,94.6,84.8,Top,270,0603_0.1uF
C1748,96.4,84.8,Top,270,0603_0.1uF
C1749,98.2,84.8,Top,180,0603_0.1uF
C1750,10.0,87.0,Top,90,0603_0.1uF
C1751,11.8,87.0,Top,270,0603_0.1uF
C1752,13.6,87.0,Top,180,0603_0.1uF
C1753,15.4,87.0,Top,180,0603_0.1uF
C1754,17.2,87.0,Top,180,0603_0.1uF
C1755,19.0,87.0,Top,270,0603_0.1uF
C1756,20.8,87.0,Top,90,0603_0.1uF
C1757,22.6,87.0,Top,90,0603_0.1uF
C1758,24.4,87.0,Top,180,0603_0.1uF
C1759,26.2,87.0,Top,180,0603_0.1uF
C1760,28.0,87.0,Top,90,0603_0.1uF
C1761,29.8,87.0,Top,180,0603_0.1uF
C1762,31.6,87.0,Top,180,0603_0.1uF
C1763,33.4,87.0,Top,90,0603_0.1uF
C1764,35.2,87.0,Top,270,0603_0.1uF
C1765,37.0,87.0,Top,180,0603_0.1uF
C1766,38.8,87.0,Top,270,0603_0.1uF
C1767,40.6,87.0,Top,180,0603_0.1uF
C1768,42.4,87.0,Top,180,0603_0.1uF
C1769,44.2,87.0,Top,180,0603_0.1uF
C1770,46.0,87.0,Top,0,0603_0.1uF
C1771,47.8,87.0,Top,270,0603_0.1uF
C1772,49.6,87.0,Top,270,0603_0.1uF
C1773,51.4,87.0,Top,180,0603_0.1uF
C1774,53.2,87.0,Top,90,0603_0.1uF
C1775,55.0,87.0,Top,180,0603_0.1uF
C1776,56.8,87.0,Top,0,0603_0.1uF
C1777,58.6,87.0,Top,180,0603_0.1uF
C1778,60.4,87.0,Top,0,0603_0.1uF
C1779,62.2,87.0,Top,180,0603_0.1uF
C1780,64.0,87.0,Top,270,0603_0.1uF
C1781,65.8,87.0,Top,180,0603_0.1uF
C1782,67.6,87.0,Top,270,0603_0.1uF
C1783,69.4,87.0,Top,90,0603_0.1uF
C1784,71.2,87.0,Top,90,0603_0.1uF
C1785,73.0,87.0,Top,180,0603_0.1uF
C1786,74.8,87.0,Top,180,0603_0.1uF
C1787,76.6,87.0,Top,90,0603_0.1uF
C1788,78.4,87.0,Top,0,0603_0.1uF
C1789,80.2,87.0,Top,90,0603_0.1uF
C1790,82.0,87.0,Top,90,0603_0.1uF
C1791,83.8,87.0,Top,0,0603_0.1uF
C1792,85.6,87.0,Top,90,0603_0.1uF
C1793,87.4,87.0,Top,90,0603_0.1uF
C1794,89.2,87.0,Top,0,0603_0.1uF
C1795,91.0,87.0,Top,0,0603_0.1uF
C1796,92.8,87.0,Top,270,0603_0.1uF
C1797,94.6,87.0,Top,180,0603_0.1uF
C1798,96.4,87.0,Top,270,0603_0.1uF
C1799,98.2,87.0,Top,0,0603_0.1uF
C1800,10.0,89.2,Top,90,0603_0.1uF
C1801,11.8,89.2,Top,0,0603_0.1uF
C1802,13.6,89.2,Top,90,0603_0.1uF
C1803,15.4,89.2,Top,270,0603_0.1uF
C1804,17.2,89.2,Top,270,0603_0.1uF
C1805,19.0,89.2,Top,270,0603_0.1uF
C1806,20.8,89.2,Top,90,0603_0.1uF
C1807,22.6,89.2,Top,180,0603_0.1uF
C1808,24.4,89.2,Top,180,0603_0.1uF
C1809,26.2,89.2,Top,180,0603_0.1uF
C1810,28.0,89.2,Top,0,0603_0.1uF
C1811,29.8,89.2,Top,0,0603_0.1uF
C1812,31.6,89.2,Top,90,0603_0.1uF
C1813,33.4,89.2,Top,0,0603_0.1uF
C1814,35.2,89.2,Top,90,0603_0.1uF
C1815,37.0,89.2,Top,270,0603_0.1uF
C1816,38.8,89.2,Top,90,0603_0.1uF
C1817,40.6,89.2,Top,0,0603_0.1uF
C1818,42.4,89.2,Top,270,0603_0.1uF
C1819,44.2,89.2,Top,270,0603_0.1uF
C1820,46.0,89.2,Top,90,0603_0.1uF
C1821,47.8,89.2,Top,180,0603_0.1uF
C1822,49.6,89.2,Top,0,0603_0.1uF
C1823,51.4,89.2,Top,0,0603_0.1uF
C1824,53.2,89.2,Top,180,0603_0.1uF
C1825,55.0,89.2,Top,0,0603_0.1uF
C1826,56.8,89.2,Top,180,0603_0.1uF
C1827,58.6,89.2,Top,180,0603_0.1uF
C1828,60.4,89.2,Top,270,0603_0.1uF
C1829,62.2,89.2,Top,270,0603_0.1uF
C1830,64.0,89.2,Top,90,0603_0.1uF
C1831,65.8,89.2,Top,270,0603_0.1uF
C1832,67.6,89.2,Top,180,0603_0.1uF
C1833,69.4,89.2,Top,90,0603_0.1uF
C1834,71.2,89.2,Top,0,0603_0.1uF
C1835,73.0,89.2,Top,180,0603_0.1uF
C1836,74.8,89.2,Top,90,0603_0.1uF
C1837,76.6,89.2,Top,270,0603_0.1uF
C1838,78.4,89.2,Top,180,0603_0.1uF
C1839,80.2,89.2,Top,90,0603_0.1uF
C1840,82.0,89.2,Top,0,0603_0.1uF
C1841,83.8,89.2,Top,180,0603_0.1uF
C1842,85.6,89.2,Top,180,0603_0.1uF
C1843,87.4,89.2,Top,90,0603_0.1uF
C1844,89.2,89.2,Top,90,0603_0.1uF
C1845,91.0,89.2,Top,270,0603_0.1uF
C1846,92.8,89.2,Top,270,0603_0.1uF
C1847,94.6,89.2,Top,180,0603_0.1uF
C1848,96.4,89.2,Top,0,0603_0.1uF
C1849,98.2,89.2,Top,270,0603_0.1uF
C1850,10.0,91.4,Top,0,0603_0.1uF
C1851,11.8,91.4,Top,90,0603_0.1uF
C1852,13.6,91.4,Top,90,0603_0.1uF
C1853,15.4,91.4,Top,270,0603_0.1uF
C1854,17.2,91.4,Top,180,0603_0.1uF
C1855,19.0,91.4,Top,90,0603_0.1uF
C1856,20.8,91.4,Top,0,0603_0.1uF
C1857,22.6,91.4,Top,180,0603_0.1uF
C1858,24.4,91.4,Top,270,0603_0.1uF
C1859,26.2,91.4,Top,90,0603_0.1uF
C1860,28.0,91.4,Top,270,0603_0.1uF
C1861,29.8,91.4,Top,180,0603_0.1uF
C1862,31.6,91.4,Top,180,0603_0.1uF
C1863,33.4,91.4,Top,180,0603_0.1uF
C1864,35.2,91.4,Top,0,0603_0.1uF
C1865,37.0,91.4,Top,180,0603_0.1uF
C1866,38.8,91.4,Top,180,0603_0.1uF
C1867,40.6,91.4,Top,90,0603_0.1uF
C1868,42.4,91.4,Top,0,0603_0.1uF
C1869,44.2,91.4,Top,0,0603_0.1uF
C1870,46.0,91.4,Top,270,0603_0.1uF
C1871,47.8,91.4,Top,180,0603_0.1uF
C1872,49.6,91.4,Top,90,0603_0.1uF
C1873,51.4,91.4,Top,270,0603_0.1uF
C1874,53.2,91.4,Top,180,0603_0.1uF
C1875,55.0,91.4,Top,0,0603_0.1uF
C1876,56.8,91.4,Top,180,0603_0.1uF
C1877,58.6,91.4,Top,180,0603_0.1uF
C1878,60.4,91.4,Top,90,0603_0.1uF
C1879,62.2,91.4,Top,90,0603_0.1uF
C1880,64.0,91.4,Top,90,0603_0.1uF
C1881,65.8,91.4,Top,270,0603_0.1uF
C1882,67.6,91.4,Top,90,0603_0.1uF
C1883,69.4,91.4,Top,270,0603_0.1uF
C1884,71.2,91.4,Top,180,0603_0.1uF
C1885,73.0,91.4,Top,270,0603_0.1uF
C1886,74.8,91.4,Top,270,0603_0.1uF
C1887,76.6,91.4,Top,90,0603_0.1uF
C1888,78.4,91.4,Top,90,0603_0.1uF
C1889,80.2,91.4,Top,0,0603_0.1uF
C1890,82.0,91.4,Top,270,0603_0.1uF
C1891,83.8,91.4,Top,180,0603_0.1uF
C1892,85.6,91.4,Top,0,0603_0.1uF
C1893,87.4,91.4,Top,0,0603_0.1uF
C1894,89.2,91.4,Top,0,0603_0.1uF
C1895,91.0,91.4,Top,90,0603_0.1uF
C1896,92.8,91.4,Top,90,0603_0.1uF
C1897,94.6,91.4,Top,90,0603_0.1uF
C1898,96.4,91.4,Top,180,0603_0.1uF
C1899,98.2,91.4,Top,270,0603_0.1uF
C1900,10.0,93.6,Top,0,0603_0.1uF
C1901,11.8,93.6,Top,90,0603_0.1uF
C1902,13.6,93.6,Top,270,0603_0.1uF
C1903,15.4,93.6,Top,0,0603_0.1uF
C1904,17.2,93.6,Top,270,0603_0.1uF
C1905,19.0,93.6,Top,0,0603_0.1uF
C1906,20.8,93.6,Top,270,0603_0.1uF
C1907,22.6,93.6,Top,90,0603_0.1uF
C1908,24.4,93.6,Top,270,0603_0.1uF
C1909,26.2,93.6,Top,270,0603_0.1uF
C1910,28.0,93.6,Top,0,0603_0.1uF
C1911,29.8,93.6,Top,270,0603_0.1uF
C1912,31.6,93.6,Top,180,0603_0.1uF
C1913,33.4,93.6,Top,0,0603_0.1uF
C1914,35.2,93.6,Top,270,0603_0.1uF
C1915,37.0,93.6,Top,180,0603_0.1uF
C1916,38.8,93.6,Top,0,0603_0.1uF
C1917,40.6,93.6,Top,90,0603_0.1uF
C1918,42.4,93.6,Top,0,0603_0.1uF
C1919,44.2,93.6,Top,0,0603_0.1uF
C1920,46.0,93.6,Top,270,0603_0.1uF
C1921,47.8,93.6,Top,180,0603_0.1uF
C1922,49.6,93.6,Top,0,0603_0.1uF
C1923,51.4,93.6,Top,0,0603_0.1uF
C1924,53.2,93.6,Top,0,0603_0.1uF
C1925,55.0,93.6,Top,270,0603_0.1uF
C1926,56.8,93.6,Top,0,0603_0.1uF
C1927,58.6,93.6,Top,180,0603_0.1uF
C1928,60.4,93.6,Top,270,0603_0.1uF
C1929,62.2,93.6,Top,90,0603_0.1uF
C1930,64.0,93.6,Top,90,0603_0.1uF
C1931,65.8,93.6,Top,270,0603_0.1uF
C1932,67.6,93.6,Top,180,0603_0.1uF
C1933,69.4,93.6,Top,270,0603_0.1uF
C1934,71.2,93.6,Top,270,0603_0.1uF
C1935,73.0,93.6,Top,270,0603_0.1uF
C1936,74.8,93.6,Top,270,0603_0.1uF
C1937,76.6,93.6,Top,0,0603_0.1uF
C1938,78.4,93.6,Top,90,0603_0.1uF
C1939,80.2,93.6,Top,180,0603_0.1uF
C1940,82.0,93.6,Top,0,0603_0.1uF
C1941,83.8,93.6,Top,90,0603_0.1uF
C1942,85.6,93.6,Top,270,0603_0.1uF
C1943,87.4,93.6,Top,90,0603_0.1uF
C1944,89.2,93.6,Top,90,0603_0.1uF
C1945,91.0,93.6,Top,0,0603_0.1uF
C1946,92.8,93.6,Top,0,0603_0.1uF
C1947,94.6,93.6,Top,180,0603_0.1uF
C1948,96.4,93.6,Top,270,0603_0.1uF
C1949,98.2,93.6,Top,270,0603_0.1uF
C1950,10.0,95.8,Top,270,0603_0.1uF
C1951,11.8,95.8,Top,90,0603_0.1uF
C1952,13.6,95.8,Top,90,0603_0.1uF
C1953,15.4,95.8,Top,270,0603_0.1uF
C1954,17.2,95.8,Top,180,0603_0.1uF
C1955,19.0,95.8,Top,90,0603_0.1uF
C1956,20.8,95.8,Top,180,0603_0.1uF
C1957,22.6,95.8,Top,90,0603_0.1uF
C1958,24.4,95.8,Top,0,0603_0.1uF
C1959,26.2,95.8,Top,0,0603_0.1uF
C1960,28.0,95.8,Top,270,0603_0.1uF
C1961,29.8,95.8,Top,0,0603_0.1uF
C1962,31.6,95.8,Top,90,0603_0.1uF
C1963,33.4,95.8,Top,90,0603_0.1uF
C1964,35.2,95.8,Top,0,0603_0.1uF
C1965,37.0,95.8,Top,0,0603_0.1uF
C1966,38.8,95.8,Top,0,0603_0.1uF
C1967,40.6,95.8,Top,270,0603_0.1uF
C1968,42.4,95.8,Top,0,0603_0.1uF
C1969,44.2,95.8,Top,90,0603_0.1uF
C1970,46.0,95.8,Top,0,0603_0.1uF
C1971,47.8,95.8,Top,270,0603_0.1uF
C1972,49.6,95.8,Top,270,0603_0.1uF
C1973,51.4,95.8,Top,90,0603_0.1uF
C1974,53.2,95.8,Top,90,0603_0.1uF
C1975,55.0,95.8,Top,0,0603_0.1uF
C1976,56.8,95.8,Top,90,0603_0.1uF
C1977,58.6,95.8,Top,180,0603_0.1uF
C1978,60.4,95.8,Top,90,0603_0.1uF
C1979,62.2,95.8,Top,180,0603_0.1uF
C1980,64.0,95.8,Top,180,0603_0.1uF
C1981,65.8,95.8,Top,90,0603_0.1uF
C1982,67.6,95.8,Top,180,0603_0.1uF
C1983,69.4,95.8,Top,90,0603_0.1uF
C1984,71.2,95.8,Top,90,0603_0.1uF
C1985,73.0,95.8,Top,270,0603_0.1uF
C1986,74.8,95.8,Top,180,0603_0.1uF
C1987,76.6,95.8,Top,180,0603_0.1uF
C1988,78.4,95.8,Top,0,0603_0.1uF
C1989,80.2,95.8,Top,90,0603_0.1uF
C1990,82.0,95.8,Top,270,0603_0.1uF
C1991,83.8,95.8,Top,270,0603_0.1uF
C1992,85.6,95.8,Top,0,0603_0.1uF
C1993,87.4,95.8,Top,180,0603_0.1uF
C1994,89.2,95.8,Top,270,0603_0.1uF
C1995,91.0,95.8,Top,180,0603_0.1uF
C1996,92.8,95.8,Top,270,0603_0.1uF
C1997,94.6,95.8,Top,270,0603_0.1uF
C1998,96.4,95.8,Top,90,0603_0.1uF
C1999,98.2,95.8,Top,180,0603_0.1uF
C2000,10.0,98.0,Top,270,0603_0.1uF
C2001,11.8,98.0,Top,90,0603_0.1uF
C2002,13.6,98.0,Top,270,0603_0.1uF
C2003,15.4,98.0,Top,90,0603_0.1uF
C2004,17.2,98.0,Top,90,0603_0.1uF
C2005,19.0,98.0,Top,180,0603_0.1uF
C2006,20.8,98.0,Top,90,0603_0.1uF
C2007,22.6,98.0,Top,270,0603_0.1uF
C2008,24.4,98.0,Top,0,0603_0.1uF
C2009,26.2,98.0,Top,270,0603_0.1uF
C2010,28.0,98.0,Top,270,0603_0.1uF
C2011,29.8,98.0,Top,90,0603_0.1uF
C2012,31.6,98.0,Top,270,0603_0.1uF
C2013,33.4,98.0,Top,90,0603_0.1uF
C2014,35.2,98.0,Top,180,0603_0.1uF
C2015,37.0,98.0,Top,90,0603_0.1uF
C2016,38.8,98.0,Top,180,0603_0.1uF
C2017,40.6,98.0,Top,0,0603_0.1uF
C2018,42.4,98.0,Top,270,0603_0.1uF
C2019,44.2,98.0,Top,180,0603_0.1uF
C2020,46.0,98.0,Top,0,0603_0.1uF
C2021,47.8,98.0,Top,90,0603_0.1uF
C2022,49.6,98.0,Top,0,0603_0.1uF
C2023,51.4,98.0,Top,180,0603_0.1uF
C2024,53.2,98.0,Top,270,0603_0.1uF
C2025,55.0,98.0,Top,0,0603_0.1uF
C2026,56.8,98.0,Top,0,0603_0.1uF
C2027,58.6,98.0,Top,90,0603_0.1uF
C2028,60.4,98.0,Top,90,0603_0.1uF
C2029,62.2,98.0,Top,270,0603_0.1uF
C2030,64.0,98.0,Top,90,0603_0.1uF
C2031,65.8,98.0,Top,180,0603_0.1uF
C2032,67.6,98.0,Top,180,0603_0.1uF
C2033,69.4,98.0,Top,0,0603_0.1uF
C2034,71.2,98.0,Top,90,0603_0.1uF
C2035,73.0,98.0,Top,90,0603_0.1uF
C2036,74.8,98.0,Top,0,0603_0.1uF
C2037,76.6,98.0,Top,270,0603_0.1uF
C2038,78.4,98.0,Top,90,0603_0.1uF
C2039,80.2,98.0,Top,90,0603_0.1uF
C2040,82.0,98.0,Top,270,0603_0.1uF
C2041,83.8,98.0,Top,90,0603_0.1uF
C2042,85.6,98.0,Top,180,0603_0.1uF
C2043,87.4,98.0,Top,180,0603_0.1uF
C2044,89.2,98.0,Top,270,0603_0.1uF
C2045,91.0,98.0,Top,270,0603_0.1uF
C2046,92.8,98.0,Top,180,0603_0.1uF
C2047,94.6,98.0,Top,180,0603_0.1uF
C2048,96.4,98.0,Top,180,0603_0.1uF
C2049,98.2,98.0,Top,180,0603_0.1uF
C2050,10.0,100.2,Top,270,0603_0.1uF
C2051,11.8,100.2,Top,270,0603_0.1uF
C2052,13.6,100.2,Top,0,0603_0.1uF
C2053,15.4,100.2,Top,270,0603_0.1uF
C2054,17.2,100.2,Top,180,0603_0.1uF
C2055,19.0,100.2,Top,90,0603_0.1uF
C2056,20.8,100.2,Top,180,0603_0.1uF
C2057,22.6,100.2,Top,180,0603_0.1uF
C2058,24.4,100.2,Top,270,0603_0.1uF
C2059,26.2,100.2,Top,0,0603_0.1uF
C2060,28.0,100.2,Top,90,0603_0.1uF
C2061,29.8,100.2,Top,90,0603_0.1uF
C2062,31.6,100.2,Top,0,0603_0.1uF
C2063,33.4,100.2,Top,180,0603_0.1uF
C2064,35.2,100.2,Top,270,0603_0.1uF
C2065,37.0,100.2,Top,180,0603_0.1uF
C2066,38.8,100.2,Top,90,0603_0.1uF
C2067,40.6,100.2,Top,90,0603_0.1uF
C2068,42.4,100.2,Top,180,0603_0.1uF
C2069,44.2,100.2,Top,90,0603_0.1uF
C2070,46.0,100.2,Top,270,0603_0.1uF
C2071,47.8,100.2,Top,90,0603_0.1uF
C2072,49.6,100.2,Top,270,0603_0.1uF
C2073,51.4,100.2,Top,180,0603_0.1uF
C2074,53.2,100.2,Top,180,0603_0.1uF
C2075,55.0,100.2,Top,270,0603_0.1uF
C2076,56.8,100.2,Top,270,0603_0.1uF
C2077,58.6,100.2,Top,270,0603_0.1uF
C2078,60.4,100.2,Top,90,0603_0.1uF
C2079,62.2,100.2,Top,180,0603_0.1uF
C2080,64.0,100.2,Top,90,0603_0.1uF
C2081,65.8,100.2,Top,90,0603_0.1uF
C2082,67.6,100.2,Top,270,0603_0.1uF
C2083,69.4,100.2,Top,90,0603_0.1uF
C2084,71.2,100.2,Top,0,0603_0.1uF
C2085,73.0,100.2,Top,0,0603_0.1uF
C2086,74.8,100.2,Top,0,0603_0.1uF
C2087,76.6,100.2,Top,0,0603_0.1uF
C2088,78.4,100.2,Top,0,0603_0.1uF
C2089,80.2,100.2,Top,270,0603_0.1uF
C2090,82.0,100.2,Top,90,0603_0.1uF
C2091,83.8,100.2,Top,90,0603_0.1uF
C2092,85.6,100.2,Top,0,0603_0.1uF
C2093,87.4,100.2,Top,90,0603_0.1uF
C2094,89.2,100.2,Top,0,0603_0.1uF
